Local time,Open,High,Low,Close,Volume
30.06.2019 16:00:00.000 GMT-0500,5.73190,5.74808,5.62525,5.64373,65816.2304
01.07.2019 16:00:00.000 GMT-0500,5.64474,5.69999,5.62967,5.65181,57039.4402
02.07.2019 16:00:00.000 GMT-0500,5.65182,5.66335,5.60826,5.61860,47790.949799999995
03.07.2019 16:00:00.000 GMT-0500,5.61861,5.62577,5.58412,5.58829,45216.350099999996
04.07.2019 16:00:00.000 GMT-0500,5.59013,5.64651,5.58803,5.62589,51932.85970000001
07.07.2019 16:00:00.000 GMT-0500,5.77456,5.78712,5.70739,5.73008,42940.085199999994
08.07.2019 16:00:00.000 GMT-0500,5.73021,5.74660,5.68767,5.72903,57430.47959999999
09.07.2019 16:00:00.000 GMT-0500,5.72903,5.75909,5.66769,5.66837,69078.2298
10.07.2019 16:00:00.000 GMT-0500,5.66681,5.69124,5.65527,5.67094,71425.27940000001
11.07.2019 16:00:00.000 GMT-0500,5.66980,5.77877,5.66980,5.71584,82562.8703
14.07.2019 16:00:00.000 GMT-0500,5.71967,5.73200,5.69559,5.71170,134566.1594
15.07.2019 16:00:00.000 GMT-0500,5.71171,5.72394,5.69802,5.70694,158646.45020000002
16.07.2019 16:00:00.000 GMT-0500,5.70964,5.71777,5.67650,5.68178,65937.7602
17.07.2019 16:00:00.000 GMT-0500,5.68178,5.70911,5.61101,5.61312,47347.6703
18.07.2019 16:00:00.000 GMT-0500,5.61236,5.67696,5.61236,5.64558,44159.549999999996
21.07.2019 16:00:00.000 GMT-0500,5.64767,5.69420,5.64197,5.67486,63457.09039999998
22.07.2019 16:00:00.000 GMT-0500,5.67453,5.72521,5.66722,5.71450,37157.1499
23.07.2019 16:00:00.000 GMT-0500,5.70743,5.73947,5.69220,5.70358,33842.169599999994
24.07.2019 16:00:00.000 GMT-0500,5.70359,5.76994,5.65297,5.69732,49875.57989999999
25.07.2019 16:00:00.000 GMT-0500,5.69762,5.70317,5.61755,5.66689,36770.7999
28.07.2019 16:00:00.000 GMT-0500,5.65347,5.66967,5.60214,5.60942,30831.5897
29.07.2019 16:00:00.000 GMT-0500,5.60872,5.62033,5.54863,5.55651,43842.6106
30.07.2019 16:00:00.000 GMT-0500,5.55650,5.61918,5.50995,5.57986,41529.9897
31.07.2019 16:00:00.000 GMT-0500,5.57807,5.62776,5.56027,5.60324,47408.8003
01.08.2019 16:00:00.000 GMT-0500,5.60324,5.61528,5.54552,5.55198,41159.7001
04.08.2019 16:00:00.000 GMT-0500,5.57099,5.62005,5.53274,5.56507,50659.4804
05.08.2019 16:00:00.000 GMT-0500,5.56716,5.59244,5.50409,5.51942,55398.96
06.08.2019 16:00:00.000 GMT-0500,5.51881,5.53317,5.46123,5.49390,39301.889800000004
07.08.2019 16:00:00.000 GMT-0500,5.49390,5.51593,5.45017,5.47044,46449.80990000001
08.08.2019 16:00:00.000 GMT-0500,5.47753,5.51371,5.46627,5.48495,48209.4705
11.08.2019 16:00:00.000 GMT-0500,5.49115,5.57408,5.48701,5.56052,42671.2951
12.08.2019 16:00:00.000 GMT-0500,5.56025,5.63484,5.54568,5.55970,50424.67960000001
13.08.2019 16:00:00.000 GMT-0500,5.55858,5.62927,5.55858,5.61081,59850.33
14.08.2019 16:00:00.000 GMT-0500,5.61075,5.61350,5.54538,5.56397,70991.38560000001
15.08.2019 16:00:00.000 GMT-0500,5.56082,5.58577,5.53388,5.57512,46136.040499999996
18.08.2019 16:00:00.000 GMT-0500,5.57924,5.67289,5.56308,5.65585,44077.93979999999
19.08.2019 16:00:00.000 GMT-0500,5.65635,5.74889,5.63797,5.72595,42609.6199
20.08.2019 16:00:00.000 GMT-0500,5.72594,5.73841,5.70372,5.71120,75380.25020000001
21.08.2019 16:00:00.000 GMT-0500,5.70896,5.78953,5.70772,5.76689,41763.5202
22.08.2019 16:00:00.000 GMT-0500,5.76741,5.77699,5.74177,5.75328,63002.2095
25.08.2019 16:00:00.000 GMT-0500,5.77126,5.89477,5.77106,5.82150,65559.96
26.08.2019 16:00:00.000 GMT-0500,5.81629,5.85778,5.80137,5.82337,47642.519400000005
27.08.2019 16:00:00.000 GMT-0500,5.82238,5.83697,5.79305,5.81188,33980.4298
28.08.2019 16:00:00.000 GMT-0500,5.81078,5.84818,5.80843,5.83376,41415.5596
29.08.2019 16:00:00.000 GMT-0500,5.83388,5.85044,5.81519,5.82573,76907.2899
01.09.2019 16:00:00.000 GMT-0500,5.83330,5.83906,5.79797,5.80527,27487.879900000004
02.09.2019 16:00:00.000 GMT-0500,5.80527,5.82285,5.72122,5.72632,49161.87989999999
03.09.2019 16:00:00.000 GMT-0500,5.72451,5.73257,5.64867,5.66055,43226.750199999995
04.09.2019 16:00:00.000 GMT-0500,5.65943,5.70052,5.64721,5.68651,45864.7397
05.09.2019 16:00:00.000 GMT-0500,5.68667,5.72867,5.68533,5.70827,36646.3298
08.09.2019 16:00:00.000 GMT-0500,5.70369,5.76495,5.70258,5.74892,42811.849799999996
09.09.2019 16:00:00.000 GMT-0500,5.74891,5.78740,5.73751,5.76655,38032.9399
10.09.2019 16:00:00.000 GMT-0500,5.76655,5.79145,5.74331,5.74707,31266.9
11.09.2019 16:00:00.000 GMT-0500,5.74527,5.76866,5.64938,5.64938,51912.790400000005
12.09.2019 16:00:00.000 GMT-0500,5.65972,5.69232,5.64949,5.68296,42441.2304
15.09.2019 16:00:00.000 GMT-0500,5.71597,5.74224,5.70577,5.72743,47804.24040000001
16.09.2019 16:00:00.000 GMT-0500,5.72298,5.74042,5.69148,5.69696,54924.8203
17.09.2019 16:00:00.000 GMT-0500,5.69867,5.70782,5.65991,5.67265,66554.0097
18.09.2019 16:00:00.000 GMT-0500,5.67278,5.72090,5.66955,5.71545,61605.1604
19.09.2019 16:00:00.000 GMT-0500,5.71478,5.74980,5.68781,5.73812,75122.07999999999
22.09.2019 16:00:00.000 GMT-0500,5.73564,5.74385,5.71389,5.71539,41458.23
23.09.2019 16:00:00.000 GMT-0500,5.71491,5.71962,5.67327,5.69068,45478.784400000004
24.09.2019 16:00:00.000 GMT-0500,5.69174,5.71147,5.66684,5.66876,42127.0195
25.09.2019 16:00:00.000 GMT-0500,5.66784,5.69511,5.64990,5.66219,45871.349899999994
26.09.2019 16:00:00.000 GMT-0500,5.66037,5.68865,5.65314,5.65911,40741.289800000006
29.09.2019 16:00:00.000 GMT-0500,5.66222,5.67547,5.63661,5.64509,63006.0704
30.09.2019 16:00:00.000 GMT-0500,5.64418,5.73150,5.63809,5.71884,54641.0102
01.10.2019 16:00:00.000 GMT-0500,5.71826,5.75771,5.69550,5.69896,77393.21070000003
02.10.2019 16:00:00.000 GMT-0500,5.69719,5.71281,5.66981,5.69241,42707.460000000014
03.10.2019 16:00:00.000 GMT-0500,5.69241,5.71219,5.68047,5.68863,39371.89990000001
06.10.2019 16:00:00.000 GMT-0500,5.70978,5.84359,5.70388,5.82902,54271.0297
07.10.2019 16:00:00.000 GMT-0500,5.82804,5.84588,5.78267,5.82553,64651.7553
08.10.2019 16:00:00.000 GMT-0500,5.82565,5.87615,5.81904,5.86921,48850.75040000001
09.10.2019 16:00:00.000 GMT-0500,5.86814,5.89816,5.81221,5.83417,62254.24980000001
10.10.2019 16:00:00.000 GMT-0500,5.83424,5.90266,5.82190,5.87679,72331.5551
13.10.2019 16:00:00.000 GMT-0500,5.89229,5.93827,5.89030,5.92584,56597.42979999999
14.10.2019 16:00:00.000 GMT-0500,5.92552,5.93011,5.86087,5.90979,57137.46039999998
15.10.2019 16:00:00.000 GMT-0500,5.91015,5.93166,5.87020,5.88279,44518.899600000004
16.10.2019 16:00:00.000 GMT-0500,5.88117,5.93097,5.81157,5.81745,56562.400200000004
17.10.2019 16:00:00.000 GMT-0500,5.81074,5.82365,5.75698,5.79009,47829.5695
20.10.2019 16:00:00.000 GMT-0500,5.78967,5.86583,5.78387,5.85251,43959.350000000006
21.10.2019 16:00:00.000 GMT-0500,5.85164,5.86247,5.78725,5.80725,36478.99019999999
22.10.2019 16:00:00.000 GMT-0500,5.80702,5.80926,5.72530,5.73099,42720.3799
23.10.2019 16:00:00.000 GMT-0500,5.72906,5.77843,5.72705,5.76141,41898.3701
24.10.2019 16:00:00.000 GMT-0500,5.76030,5.78965,5.75842,5.76923,31090.810200000004
27.10.2019 16:00:00.000 GMT-0500,5.76225,5.77477,5.71247,5.72806,44351.4096
28.10.2019 16:00:00.000 GMT-0500,5.72699,5.75291,5.71810,5.73324,46556.02989999999
29.10.2019 16:00:00.000 GMT-0500,5.73233,5.76990,5.69497,5.69497,67597.2496
30.10.2019 16:00:00.000 GMT-0500,5.69697,5.72595,5.69497,5.70847,81460.45049999999
31.10.2019 16:00:00.000 GMT-0500,5.70847,5.73992,5.69981,5.70773,58326.1001
03.11.2019 16:00:00.000 GMT-0600,5.69881,5.74072,5.68504,5.73163,62381.22950000001
04.11.2019 16:00:00.000 GMT-0600,5.73410,5.76259,5.71976,5.74858,70333.7196
05.11.2019 16:00:00.000 GMT-0600,5.74869,5.77075,5.73878,5.73888,66284.4201
06.11.2019 16:00:00.000 GMT-0600,5.73900,5.76198,5.73292,5.74590,53961.490600000005
07.11.2019 16:00:00.000 GMT-0600,5.74697,5.77026,5.74476,5.75764,88884.67910000001
10.11.2019 16:00:00.000 GMT-0600,5.76097,5.79557,5.75971,5.76650,55205.3606
11.11.2019 16:00:00.000 GMT-0600,5.76665,5.78175,5.76210,5.77230,59559.5992
12.11.2019 16:00:00.000 GMT-0600,5.77229,5.77982,5.73211,5.73618,77568.5802
13.11.2019 16:00:00.000 GMT-0600,5.73618,5.77928,5.73427,5.74562,60163.749200000006
14.11.2019 16:00:00.000 GMT-0600,5.74543,5.77025,5.73613,5.73889,73206.40029999998
17.11.2019 16:00:00.000 GMT-0600,5.73997,5.75326,5.72046,5.73300,40716.8404
18.11.2019 16:00:00.000 GMT-0600,5.73311,5.74002,5.69485,5.69551,58985.6
19.11.2019 16:00:00.000 GMT-0600,5.69497,5.72145,5.68615,5.69558,59968.2702
20.11.2019 16:00:00.000 GMT-0600,5.69531,5.70874,5.68492,5.69495,48069.020199999984
21.11.2019 16:00:00.000 GMT-0600,5.69426,5.72322,5.69284,5.70887,57928.8404
24.11.2019 16:00:00.000 GMT-0600,5.71447,5.75338,5.70411,5.73988,42199.870299999995
25.11.2019 16:00:00.000 GMT-0600,5.73914,5.77006,5.73596,5.75788,54282.63019999999
26.11.2019 16:00:00.000 GMT-0600,5.75798,5.79116,5.75358,5.77537,48974.89460000001
27.11.2019 16:00:00.000 GMT-0600,5.76964,5.78247,5.75346,5.75408,47532.25980000001
28.11.2019 16:00:00.000 GMT-0600,5.75407,5.76609,5.73649,5.74212,60530.41
01.12.2019 16:00:00.000 GMT-0600,5.74497,5.76377,5.73502,5.73929,54467.180199999995
02.12.2019 16:00:00.000 GMT-0600,5.73748,5.76526,5.72997,5.74073,53431.63949999999
03.12.2019 16:00:00.000 GMT-0600,5.74087,5.75757,5.73502,5.74842,45745.69010000001
04.12.2019 16:00:00.000 GMT-0600,5.74690,5.76820,5.74115,5.74399,43671.770300000004
05.12.2019 16:00:00.000 GMT-0600,5.74400,5.78922,5.74346,5.76821,56340.5897
08.12.2019 16:00:00.000 GMT-0600,5.77138,5.81664,5.77137,5.80846,64952.430499999995
09.12.2019 16:00:00.000 GMT-0600,5.80797,5.81795,5.79239,5.80372,51539.37040000001
10.12.2019 16:00:00.000 GMT-0600,5.80363,5.81847,5.79590,5.80027,44568.69089999999
11.12.2019 16:00:00.000 GMT-0600,5.79880,5.81043,5.76481,5.78992,55829.10019999999
12.12.2019 16:00:00.000 GMT-0600,5.78908,5.82639,5.77003,5.80290,58289.5998
15.12.2019 16:00:00.000 GMT-0600,5.80508,5.85857,5.80245,5.84797,40348.39039999998
16.12.2019 16:00:00.000 GMT-0600,5.84797,5.88918,5.84524,5.88424,40740.6899
17.12.2019 16:00:00.000 GMT-0600,5.88424,5.93095,5.88289,5.92839,35530.529899999994
18.12.2019 16:00:00.000 GMT-0600,5.92839,5.94427,5.90555,5.93892,73126.1099
19.12.2019 16:00:00.000 GMT-0600,5.93891,5.94346,5.90893,5.93279,49785.4207
22.12.2019 16:00:00.000 GMT-0600,5.93548,5.95041,5.92273,5.94769,72886.6497
23.12.2019 16:00:00.000 GMT-0600,5.94740,5.95111,5.93563,5.94617,87035.96870000001
24.12.2019 16:00:00.000 GMT-0600,5.94596,5.94853,5.92987,5.93675,1507.5700000000002
25.12.2019 16:00:00.000 GMT-0600,5.93550,5.94354,5.92984,5.92984,94581.9302
26.12.2019 16:00:00.000 GMT-0600,5.92823,5.95969,5.92782,5.94479,107274.48010000002
29.12.2019 16:00:00.000 GMT-0600,5.94827,5.95062,5.93868,5.94566,76378.68040000001
30.12.2019 16:00:00.000 GMT-0600,5.94546,5.95162,5.94442,5.94667,81757.1603
01.01.2020 16:00:00.000 GMT-0600,5.94397,5.95985,5.94292,5.95463,79455.0688
02.01.2020 16:00:00.000 GMT-0600,5.95512,5.97797,5.94790,5.96437,67542.00000000001
05.01.2020 16:00:00.000 GMT-0600,5.96735,5.97678,5.96393,5.96649,72139.92020000002
06.01.2020 16:00:00.000 GMT-0600,5.96601,5.97737,5.95180,5.97164,60560.059400000006
07.01.2020 16:00:00.000 GMT-0600,5.97141,5.98827,5.90123,5.90680,82103.48040000001
08.01.2020 16:00:00.000 GMT-0600,5.90680,5.92624,5.85563,5.86856,79629.1697
09.01.2020 16:00:00.000 GMT-0600,5.86728,5.89617,5.86100,5.87228,56014.52040000001
12.01.2020 16:00:00.000 GMT-0600,5.87480,5.87793,5.85301,5.86572,51291.860199999996
13.01.2020 16:00:00.000 GMT-0600,5.86492,5.90152,5.86110,5.88047,71807.51980000001
14.01.2020 16:00:00.000 GMT-0600,5.88046,5.90029,5.87046,5.87439,72941.569
15.01.2020 16:00:00.000 GMT-0600,5.87392,5.89191,5.83873,5.85333,59716.1097
16.01.2020 16:00:00.000 GMT-0600,5.85175,5.91238,5.84955,5.88335,60263.709599999995
19.01.2020 16:00:00.000 GMT-0600,5.88997,5.91909,5.88904,5.91294,39008.6499
20.01.2020 16:00:00.000 GMT-0600,5.91294,5.93782,5.90994,5.93689,61495.8594
21.01.2020 16:00:00.000 GMT-0600,5.93677,5.94386,5.91752,5.92201,60665.7203
22.01.2020 16:00:00.000 GMT-0600,5.92197,5.94647,5.90537,5.93231,55065.66
23.01.2020 16:00:00.000 GMT-0600,5.93231,5.94748,5.92188,5.93634,57442.2004
26.01.2020 16:00:00.000 GMT-0600,5.93998,5.95685,5.93607,5.94183,60422.70990000001
27.01.2020 16:00:00.000 GMT-0600,5.94186,5.95266,5.93286,5.93983,49680.4201
28.01.2020 16:00:00.000 GMT-0600,5.93983,5.97257,5.93790,5.95670,56088.13029999999
29.01.2020 16:00:00.000 GMT-0600,5.95790,5.98708,5.95458,5.96762,53355.830299999994
30.01.2020 16:00:00.000 GMT-0600,5.97120,5.98660,5.97011,5.97580,68269.26990000001
02.02.2020 16:00:00.000 GMT-0600,5.97798,5.98578,5.97291,5.98385,85440.51999999997
03.02.2020 16:00:00.000 GMT-0600,5.98385,5.98668,5.96267,5.97915,41695.580200000004
04.02.2020 16:00:00.000 GMT-0600,5.97914,5.98860,5.97332,5.98034,71768.85
05.02.2020 16:00:00.000 GMT-0600,5.98034,5.98883,5.97871,5.98664,73036.25950000001
06.02.2020 16:00:00.000 GMT-0600,5.98576,6.04789,5.98372,6.00756,53308.1998
09.02.2020 16:00:00.000 GMT-0600,5.98022,6.02446,5.97517,6.00404,64699.25979999999
10.02.2020 16:00:00.000 GMT-0600,6.00760,6.05003,6.00354,6.01236,61269.150300000016
11.02.2020 16:00:00.000 GMT-0600,6.00834,6.06526,6.00231,6.04199,57908.300500000005
12.02.2020 16:00:00.000 GMT-0600,6.04575,6.06468,6.03426,6.03426,87796.83039999999
13.02.2020 16:00:00.000 GMT-0600,6.03389,6.06780,6.03389,6.05056,51039.8995
16.02.2020 16:00:00.000 GMT-0600,6.05398,6.05682,6.03926,6.04285,43955.969900000004
17.02.2020 16:00:00.000 GMT-0600,6.04285,6.07204,6.04071,6.05989,70937.4498
18.02.2020 16:00:00.000 GMT-0600,6.05948,6.08690,6.05177,6.08149,80654.20959999999
19.02.2020 16:00:00.000 GMT-0600,6.08148,6.10770,6.07896,6.09683,153341.1996
20.02.2020 16:00:00.000 GMT-0600,6.09625,6.12508,6.08474,6.09474,79210.9995
23.02.2020 16:00:00.000 GMT-0600,6.11451,6.16030,6.09151,6.11494,86780.049
24.02.2020 16:00:00.000 GMT-0600,6.11444,6.15739,6.07076,6.14085,100405.15559999997
25.02.2020 16:00:00.000 GMT-0600,6.13998,6.16386,6.13696,6.15595,106554.84419999999
26.02.2020 16:00:00.000 GMT-0600,6.15594,6.20936,6.15016,6.20671,97528.79960000001
27.02.2020 16:00:00.000 GMT-0600,6.20629,6.25659,6.20210,6.22984,96785.70870000002
01.03.2020 16:00:00.000 GMT-0600,6.25262,6.25714,6.15958,6.17075,112503.48989999999
02.03.2020 16:00:00.000 GMT-0600,6.16632,6.22116,6.02792,6.10495,98597.8103
03.03.2020 16:00:00.000 GMT-0600,6.10497,6.14562,6.06303,6.07435,69591.95059999998
04.03.2020 16:00:00.000 GMT-0600,6.07441,6.13347,6.06277,6.10573,80165.3092
05.03.2020 16:00:00.000 GMT-0600,6.10558,6.12736,6.07330,6.08631,109736.00050000001
08.03.2020 16:00:00.000 GMT-0500,6.11500,6.19210,6.08881,6.14061,113171.84460000001
09.03.2020 16:00:00.000 GMT-0500,6.14094,6.16603,6.10293,6.15506,90779.79959999998
10.03.2020 16:00:00.000 GMT-0500,6.15535,6.21160,6.13066,6.20716,91196.67959999999
11.03.2020 16:00:00.000 GMT-0500,6.20716,6.31844,6.20609,6.31555,94001.29970000002
12.03.2020 16:00:00.000 GMT-0500,6.31555,6.33896,6.25027,6.32858,80790.6307
15.03.2020 16:00:00.000 GMT-0500,6.33645,6.44238,6.27562,6.43084,76934.7797
16.03.2020 16:00:00.000 GMT-0500,6.41825,6.49429,6.37505,6.39501,107601.44890000002
17.03.2020 16:00:00.000 GMT-0500,6.39501,6.49286,6.39073,6.47225,109345.96909999999
18.03.2020 16:00:00.000 GMT-0500,6.48928,6.54931,6.46552,6.53897,75283.46450000002
19.03.2020 16:00:00.000 GMT-0500,6.53897,6.56592,6.46106,6.54645,79839.31970000001
22.03.2020 16:00:00.000 GMT-0500,6.54741,6.60901,6.54454,6.55597,106005.85950000002
23.03.2020 16:00:00.000 GMT-0500,6.55547,6.56235,6.38838,6.41836,62106.340099999994
24.03.2020 16:00:00.000 GMT-0500,6.42893,6.46888,6.38091,6.41398,85195.67020000002
25.03.2020 16:00:00.000 GMT-0500,6.41397,6.50478,6.37994,6.39297,70036.89090000001
26.03.2020 16:00:00.000 GMT-0500,6.39283,6.46998,6.38741,6.44967,65466.5505
29.03.2020 16:00:00.000 GMT-0500,6.45811,6.58818,6.43842,6.57316,80615.85050000002
30.03.2020 16:00:00.000 GMT-0500,6.56208,6.61869,6.55261,6.61284,76042.89510000001
31.03.2020 16:00:00.000 GMT-0500,6.61284,6.70403,6.60871,6.70052,110627.28060000003
01.04.2020 16:00:00.000 GMT-0500,6.70029,6.71158,6.59050,6.61490,91158.0608
02.04.2020 16:00:00.000 GMT-0500,6.60801,6.74974,6.60801,6.73269,94526.81930000002
05.04.2020 16:00:00.000 GMT-0500,6.72924,6.79162,6.71355,6.78021,61195.6202
06.04.2020 16:00:00.000 GMT-0500,6.77762,6.78195,6.69732,6.77221,86466.51659999999
07.04.2020 16:00:00.000 GMT-0500,6.76481,6.79235,6.75480,6.76932,84069.22959999999
08.04.2020 16:00:00.000 GMT-0500,6.76604,6.79258,6.61746,6.67415,113182.71050000003
09.04.2020 16:00:00.000 GMT-0500,6.67885,6.72422,6.66058,6.68600,34082.3375
12.04.2020 16:00:00.000 GMT-0500,6.72186,6.79628,6.69814,6.76996,90130.44649999998
13.04.2020 16:00:00.000 GMT-0500,6.76729,6.82130,6.76047,6.81318,67420.805
14.04.2020 16:00:00.000 GMT-0500,6.81318,6.92419,6.81318,6.90770,81604.121
15.04.2020 16:00:00.000 GMT-0500,6.90254,6.95814,6.88559,6.94007,89220.95120000001
16.04.2020 16:00:00.000 GMT-0500,6.91787,6.95501,6.82916,6.93024,84437.25000000001
19.04.2020 16:00:00.000 GMT-0500,6.90298,6.95387,6.87556,6.93563,87581.90300000002
20.04.2020 16:00:00.000 GMT-0500,6.93562,6.99688,6.93329,6.97173,99409.05979999999
21.04.2020 16:00:00.000 GMT-0500,6.96852,7.00692,6.95596,6.97439,66156.82010000001
22.04.2020 16:00:00.000 GMT-0500,6.97825,6.99766,6.92227,6.94048,90134.98890000001
23.04.2020 16:00:00.000 GMT-0500,6.94047,6.99478,6.94047,6.97677,83486.86029999999
26.04.2020 16:00:00.000 GMT-0500,6.95931,6.99280,6.95080,6.98380,64934.2111
27.04.2020 16:00:00.000 GMT-0500,6.98355,7.00001,6.97933,6.98508,52274.8403
28.04.2020 16:00:00.000 GMT-0500,6.98494,6.99300,6.94260,6.94513,57144.41040000001
29.04.2020 16:00:00.000 GMT-0500,6.94527,6.99025,6.94331,6.98498,71396.03
30.04.2020 16:00:00.000 GMT-0500,6.98498,7.03980,6.97871,7.00857,69118.3896
03.05.2020 16:00:00.000 GMT-0500,7.01499,7.05062,7.00152,7.04313,83084.30010000001
04.05.2020 16:00:00.000 GMT-0500,7.04313,7.09978,7.02662,7.06281,108810.3501
05.05.2020 16:00:00.000 GMT-0500,7.06993,7.20727,7.06197,7.19149,96894.92
06.05.2020 16:00:00.000 GMT-0500,7.19009,7.26852,7.05811,7.08345,75340.17460000001
07.05.2020 16:00:00.000 GMT-0500,7.06739,7.16609,7.06724,7.11782,79842.54529999997
10.05.2020 16:00:00.000 GMT-0500,7.07573,7.10698,7.06017,7.07147,74369.76770000001
11.05.2020 16:00:00.000 GMT-0500,7.07132,7.07278,6.97221,6.99756,86632.0396
12.05.2020 16:00:00.000 GMT-0500,6.99756,6.99793,6.97077,6.97181,79149.6401
13.05.2020 16:00:00.000 GMT-0500,6.97182,6.97332,6.89929,6.91699,71063.1196
14.05.2020 16:00:00.000 GMT-0500,6.91699,6.92897,6.89462,6.89716,60212.337600000006
17.05.2020 16:00:00.000 GMT-0500,6.88810,6.89565,6.83129,6.88330,37642.12240000001
18.05.2020 16:00:00.000 GMT-0500,6.88255,6.88578,6.74429,6.77082,46421.1409
19.05.2020 16:00:00.000 GMT-0500,6.77128,6.79807,6.76765,6.78873,28877.9903
20.05.2020 16:00:00.000 GMT-0500,6.78873,6.81602,6.77970,6.78918,31441.830199999993
21.05.2020 16:00:00.000 GMT-0500,6.78933,6.82231,6.78453,6.80550,38978.2901
24.05.2020 16:00:00.000 GMT-0500,6.80708,6.81712,6.79702,6.80769,34873.809499999996
25.05.2020 16:00:00.000 GMT-0500,6.80769,6.81820,6.69637,6.73361,24522.3551
26.05.2020 16:00:00.000 GMT-0500,6.74393,6.78286,6.73054,6.77245,34071.7649
27.05.2020 16:00:00.000 GMT-0500,6.77207,6.82145,6.76935,6.81006,35544.5505
28.05.2020 16:00:00.000 GMT-0500,6.81007,6.84012,6.81007,6.81041,17166.309999999998
31.05.2020 16:00:00.000 GMT-0500,6.81059,6.82622,6.79469,6.80468,26996.709900000005
01.06.2020 16:00:00.000 GMT-0500,6.81044,6.81938,6.68597,6.69820,25486.8599
02.06.2020 16:00:00.000 GMT-0500,6.70371,6.76794,6.68769,6.73257,28741.163399999998
03.06.2020 16:00:00.000 GMT-0500,6.73384,6.76903,6.72060,6.75625,27787.629900000007
04.06.2020 16:00:00.000 GMT-0500,6.74883,6.78652,6.72640,6.76201,28333.909999999996
07.06.2020 16:00:00.000 GMT-0500,6.76692,6.79394,6.75808,6.78307,14526.639999999998
08.06.2020 16:00:00.000 GMT-0500,6.78310,6.80574,6.76637,6.79132,18983.7801
09.06.2020 16:00:00.000 GMT-0500,6.79140,6.80187,6.76028,6.76988,22410.300099999997
10.06.2020 16:00:00.000 GMT-0500,6.76947,6.85010,6.76828,6.83746,26431.7398
11.06.2020 16:00:00.000 GMT-0500,6.83725,6.84200,6.79940,6.80847,24389.950200000003
14.06.2020 16:00:00.000 GMT-0500,6.81278,6.85883,6.81277,6.83165,24488.839600000007
15.06.2020 16:00:00.000 GMT-0500,6.82176,6.84947,6.81594,6.83455,22461.500199999995
16.06.2020 16:00:00.000 GMT-0500,6.84301,6.85948,6.83182,6.83363,18682.83
17.06.2020 16:00:00.000 GMT-0500,6.83564,6.86024,6.83365,6.85500,14099.0698
18.06.2020 16:00:00.000 GMT-0500,6.85502,6.86025,6.83322,6.84744,21020.6598
21.06.2020 16:00:00.000 GMT-0500,6.84372,6.85849,6.83362,6.84190,19926.02
22.06.2020 16:00:00.000 GMT-0500,6.84022,6.85943,6.84021,6.84608,13917.690100000002
23.06.2020 16:00:00.000 GMT-0500,6.84468,6.85977,6.84087,6.85443,13152.720000000001
24.06.2020 16:00:00.000 GMT-0500,6.85448,6.85901,6.83807,6.85502,21504.5698
25.06.2020 16:00:00.000 GMT-0500,6.85517,6.85801,6.84477,6.84797,10476.340099999998
28.06.2020 16:00:00.000 GMT-0500,6.85389,6.85748,6.84630,6.85453,9074.61
29.06.2020 16:00:00.000 GMT-0500,6.85465,6.85565,6.83868,6.85034,10414.989999999998
30.06.2020 16:00:00.000 GMT-0500,6.85144,6.85613,6.84163,6.84360,13278.769999999997
01.07.2020 16:00:00.000 GMT-0500,6.84154,6.85631,6.84069,6.84783,15665.7299
02.07.2020 16:00:00.000 GMT-0500,6.84783,6.87997,6.84705,6.85879,10554.449999999999
05.07.2020 16:00:00.000 GMT-0500,6.86124,6.86637,6.84939,6.85849,18499.9399
06.07.2020 16:00:00.000 GMT-0500,6.85757,6.86758,6.85173,6.85430,15871.5399
07.07.2020 16:00:00.000 GMT-0500,6.85430,6.86684,6.85084,6.85460,23145.199999999997
08.07.2020 16:00:00.000 GMT-0500,6.85470,6.86807,6.85094,6.85847,21894.949899999996
09.07.2020 16:00:00.000 GMT-0500,6.85904,6.86764,6.85899,6.86352,40304.409799999994
12.07.2020 16:00:00.000 GMT-0500,6.86277,6.87259,6.85203,6.85654,17410.689899999998
13.07.2020 16:00:00.000 GMT-0500,6.85654,6.86927,6.85498,6.86608,26694.609899999996
14.07.2020 16:00:00.000 GMT-0500,6.86608,6.86688,6.85199,6.85445,11196.090000000002
15.07.2020 16:00:00.000 GMT-0500,6.85445,6.86250,6.85298,6.85496,13018.689999999997
16.07.2020 16:00:00.000 GMT-0500,6.85626,6.87247,6.85297,6.85387,18531.32
19.07.2020 16:00:00.000 GMT-0500,6.85380,6.86082,6.85155,6.85586,12749.24
20.07.2020 16:00:00.000 GMT-0500,6.85587,6.85969,6.81738,6.81785,20785.39
21.07.2020 16:00:00.000 GMT-0500,6.81780,6.85301,6.81749,6.85112,25232.490400000002
22.07.2020 16:00:00.000 GMT-0500,6.85105,6.85105,6.83673,6.84182,21007.74
23.07.2020 16:00:00.000 GMT-0500,6.84182,6.85134,6.83485,6.84154,27195.939999999995
26.07.2020 16:00:00.000 GMT-0500,6.84370,6.98633,6.84072,6.85334,40342.74059999999
27.07.2020 16:00:00.000 GMT-0500,6.85544,6.97748,6.85544,6.92999,52719.310099999995
28.07.2020 16:00:00.000 GMT-0500,6.92999,7.00019,6.92897,6.96654,52474.689699999995
29.07.2020 16:00:00.000 GMT-0500,6.96653,7.00815,6.96245,6.98955,46343.88020000001
30.07.2020 16:00:00.000 GMT-0500,6.97790,7.00507,6.95038,6.97366,73919.6997
02.08.2020 16:00:00.000 GMT-0500,6.96559,6.99196,6.94404,6.94706,24252.239800000003
03.08.2020 16:00:00.000 GMT-0500,6.95445,6.98043,6.88662,6.88863,58323.8955
04.08.2020 16:00:00.000 GMT-0500,6.92727,7.07174,6.89997,7.04456,51529.5204
05.08.2020 16:00:00.000 GMT-0500,7.04455,7.30927,7.03749,7.22956,54512.679899999996
06.08.2020 16:00:00.000 GMT-0500,7.25715,7.36657,7.10964,7.27092,65234.3798
09.08.2020 16:00:00.000 GMT-0500,7.29110,7.42447,7.23018,7.32867,31926.830199999997
10.08.2020 16:00:00.000 GMT-0500,7.33349,7.34853,7.19779,7.20097,39806.0695
11.08.2020 16:00:00.000 GMT-0500,7.22964,7.33418,7.19679,7.33164,26036.5552
12.08.2020 16:00:00.000 GMT-0500,7.33164,7.35782,7.29896,7.33968,32387.885299999994
13.08.2020 16:00:00.000 GMT-0500,7.34724,7.38568,7.33027,7.35815,12146.87
16.08.2020 16:00:00.000 GMT-0500,7.36189,7.39779,7.35853,7.37941,30566.3998
17.08.2020 16:00:00.000 GMT-0500,7.38919,7.39957,7.35300,7.36645,21242.9447
18.08.2020 16:00:00.000 GMT-0500,7.36710,7.38184,7.19677,7.29064,41856.194599999995
19.08.2020 16:00:00.000 GMT-0500,7.29035,7.35452,7.26543,7.29233,17771.095
20.08.2020 16:00:00.000 GMT-0500,7.29627,7.34777,7.20415,7.33623,24634.6301
23.08.2020 16:00:00.000 GMT-0500,7.33304,7.38180,7.30593,7.37606,17981.92
24.08.2020 16:00:00.000 GMT-0500,7.37032,7.40591,7.36899,7.38975,24062.0498
25.08.2020 16:00:00.000 GMT-0500,7.38596,7.40498,7.32594,7.36192,35976.175599999995
26.08.2020 16:00:00.000 GMT-0500,7.35311,7.37767,7.30687,7.34174,29925.260399999996
27.08.2020 16:00:00.000 GMT-0500,7.35345,7.36507,7.29747,7.32377,25552.160000000003
30.08.2020 16:00:00.000 GMT-0500,7.34138,7.36897,7.32868,7.34828,20605.000300000003
31.08.2020 16:00:00.000 GMT-0500,7.34427,7.37579,7.32264,7.36091,21272.950200000003
01.09.2020 16:00:00.000 GMT-0500,7.36190,7.40660,7.35712,7.38132,16237.6901
02.09.2020 16:00:00.000 GMT-0500,7.38133,7.45109,7.37788,7.43496,29407.060400000002
03.09.2020 16:00:00.000 GMT-0500,7.44148,7.45847,7.41137,7.43788,19336.3199
06.09.2020 16:00:00.000 GMT-0500,7.44373,7.46577,7.41983,7.45398,8570.6301
07.09.2020 16:00:00.000 GMT-0500,7.45925,7.48937,7.45026,7.48202,10468.69
08.09.2020 16:00:00.000 GMT-0500,7.48195,7.49844,7.47565,7.48120,13935.630000000003
09.09.2020 16:00:00.000 GMT-0500,7.48022,7.48843,7.41376,7.44345,26070.6
10.09.2020 16:00:00.000 GMT-0500,7.44188,7.47988,7.43684,7.47142,15568.819800000001
13.09.2020 16:00:00.000 GMT-0500,7.48199,7.50047,7.46285,7.48266,15543.78
14.09.2020 16:00:00.000 GMT-0500,7.48708,7.49809,7.47347,7.48684,18293.0499
15.09.2020 16:00:00.000 GMT-0500,7.48261,7.51346,7.47589,7.49514,27941.329999999994
16.09.2020 16:00:00.000 GMT-0500,7.49060,7.56295,7.48230,7.54269,29762.3598
17.09.2020 16:00:00.000 GMT-0500,7.54221,7.57838,7.53836,7.57105,23221.4201
20.09.2020 16:00:00.000 GMT-0500,7.55691,7.63864,7.55691,7.63180,20804.240099999995
21.09.2020 16:00:00.000 GMT-0500,7.63316,7.67015,7.61962,7.65959,26051.294900000004
22.09.2020 16:00:00.000 GMT-0500,7.66004,7.70896,7.65116,7.69664,17255.68
23.09.2020 16:00:00.000 GMT-0500,7.69767,7.71705,7.55401,7.61998,32128.7899
24.09.2020 16:00:00.000 GMT-0500,7.61916,7.68604,7.50879,7.66557,38115.44970000001
27.09.2020 16:00:00.000 GMT-0500,7.66528,7.85613,7.66368,7.79546,21613.985000000004
28.09.2020 16:00:00.000 GMT-0500,7.80580,7.85514,7.77085,7.80357,29897.945099999997
29.09.2020 16:00:00.000 GMT-0500,7.81624,7.83395,7.69696,7.72207,34460.675500000005
30.09.2020 16:00:00.000 GMT-0500,7.72003,7.78024,7.63158,7.74817,21837.4999
01.10.2020 16:00:00.000 GMT-0500,7.75587,7.78635,7.72068,7.77099,24713.549899999995
04.10.2020 16:00:00.000 GMT-0500,7.73923,7.78738,7.72092,7.75780,27735.745100000007
05.10.2020 16:00:00.000 GMT-0500,7.75630,7.80156,7.74175,7.80156,20995.1502
06.10.2020 16:00:00.000 GMT-0500,7.79183,7.88867,7.77743,7.88171,32243.5148
07.10.2020 16:00:00.000 GMT-0500,7.88080,7.94505,7.87474,7.94337,41289.585300000006
08.10.2020 16:00:00.000 GMT-0500,7.94336,7.95524,7.82889,7.84817,33027.5097
11.10.2020 16:00:00.000 GMT-0500,7.87680,7.91178,7.85208,7.88841,19229.2303
12.10.2020 16:00:00.000 GMT-0500,7.88821,7.92712,7.87077,7.91637,39283.31970000001
13.10.2020 16:00:00.000 GMT-0500,7.91636,7.95824,7.89774,7.90834,28451.959599999995
14.10.2020 16:00:00.000 GMT-0500,7.90454,7.95098,7.89993,7.93640,16465.390000000003
15.10.2020 16:00:00.000 GMT-0500,7.92751,7.95717,7.88635,7.92937,32795.7699
18.10.2020 16:00:00.000 GMT-0500,7.91964,7.92500,7.87017,7.87116,21462.440000000002
19.10.2020 16:00:00.000 GMT-0500,7.87012,7.90786,7.85524,7.86170,26854.070199999995
20.10.2020 16:00:00.000 GMT-0500,7.86171,7.88070,7.78568,7.80936,30024.4852
21.10.2020 16:00:00.000 GMT-0500,7.80622,7.97882,7.77928,7.93342,75376.5548
22.10.2020 16:00:00.000 GMT-0500,7.93428,7.97682,7.93060,7.95880,19168.369899999994
25.10.2020 16:00:00.000 GMT-0500,7.96079,8.09800,7.96073,8.08250,36961.36770000001
26.10.2020 16:00:00.000 GMT-0500,8.08999,8.20520,8.07825,8.18505,26353.162299999996
27.10.2020 16:00:00.000 GMT-0500,8.18505,8.32918,8.18391,8.27222,50383.5782
28.10.2020 16:00:00.000 GMT-0500,8.28769,8.32776,8.24950,8.27774,35199.4695
29.10.2020 16:00:00.000 GMT-0500,8.29678,8.38340,8.27019,8.37174,32061.3502
01.11.2020 16:00:00.000 GMT-0600,8.37195,8.44410,8.34676,8.43840,34924.67969999999
02.11.2020 16:00:00.000 GMT-0600,8.43160,8.54390,8.38810,8.39130,25875.6599
03.11.2020 16:00:00.000 GMT-0600,8.42940,8.51293,8.36043,8.42534,18067.097700000002
04.11.2020 16:00:00.000 GMT-0600,8.42894,8.47838,8.41196,8.41490,23449.869800000004
05.11.2020 16:00:00.000 GMT-0600,8.42083,8.58109,8.42058,8.52977,12907.56
08.11.2020 16:00:00.000 GMT-0600,8.37609,8.44525,7.99968,8.05446,50334.1951
09.11.2020 16:00:00.000 GMT-0600,8.10463,8.38472,8.09742,8.15992,29657.4544
10.11.2020 16:00:00.000 GMT-0600,8.18445,8.18495,7.78180,7.79395,32686.990499999996
11.11.2020 16:00:00.000 GMT-0600,7.79372,7.89276,7.65611,7.67774,27992.444900000002
12.11.2020 16:00:00.000 GMT-0600,7.70465,7.74058,7.60217,7.67035,20178.231499999994
15.11.2020 16:00:00.000 GMT-0600,7.63819,7.75730,7.60339,7.71233,19814.689899999998
16.11.2020 16:00:00.000 GMT-0600,7.69707,7.79734,7.65548,7.70214,18659.7201
17.11.2020 16:00:00.000 GMT-0600,7.70635,7.78679,7.65516,7.70915,26445.335399999996
18.11.2020 16:00:00.000 GMT-0600,7.71511,7.72571,7.49862,7.52964,32925.2629
19.11.2020 16:00:00.000 GMT-0600,7.56005,7.69724,7.55665,7.62319,28404.839999999997
22.11.2020 16:00:00.000 GMT-0600,7.66029,7.95028,7.65916,7.87832,23891.080599999998
23.11.2020 16:00:00.000 GMT-0600,7.87831,8.04904,7.83680,7.99303,24774.829800000003
24.11.2020 16:00:00.000 GMT-0600,7.99838,8.00757,7.90151,7.93976,17880.709799999997
25.11.2020 16:00:00.000 GMT-0600,7.94607,7.96266,7.84929,7.86480,14414.4699
26.11.2020 16:00:00.000 GMT-0600,7.86560,7.88423,7.76318,7.81179,23891.809900000004
29.11.2020 16:00:00.000 GMT-0600,7.85547,7.85547,7.74087,7.82354,23632.619799999997
30.11.2020 16:00:00.000 GMT-0600,7.82338,7.91498,7.79912,7.81694,19480.7725
01.12.2020 16:00:00.000 GMT-0600,7.82478,7.88019,7.77580,7.84372,15100.189999999999
02.12.2020 16:00:00.000 GMT-0600,7.85034,7.91604,7.75048,7.76915,15137.619700000001
03.12.2020 16:00:00.000 GMT-0600,7.78733,7.83915,7.75414,7.79876,9697.770099999998
06.12.2020 16:00:00.000 GMT-0600,7.81618,7.87028,7.79584,7.79742,9041.089899999999
07.12.2020 16:00:00.000 GMT-0600,7.79510,7.84375,7.79013,7.80931,10717.5801
08.12.2020 16:00:00.000 GMT-0600,7.81227,7.85003,7.79197,7.82094,10102.287500000002
09.12.2020 16:00:00.000 GMT-0600,7.82096,7.92275,7.81882,7.88143,12582.250000000002
10.12.2020 16:00:00.000 GMT-0600,7.88055,8.02616,7.81234,7.85611,20498.130000000005
13.12.2020 16:00:00.000 GMT-0600,7.85182,7.93552,7.82477,7.84314,16468.715
14.12.2020 16:00:00.000 GMT-0600,7.84654,7.86350,7.81602,7.82856,15733.459900000002
15.12.2020 16:00:00.000 GMT-0600,7.82750,7.83912,7.75827,7.79464,13185.150000000001
16.12.2020 16:00:00.000 GMT-0600,7.79463,7.80018,7.68873,7.69519,17320.4098
17.12.2020 16:00:00.000 GMT-0600,7.69324,7.75253,7.60877,7.62307,20186.084799999997
20.12.2020 16:00:00.000 GMT-0600,7.66573,7.73368,7.62605,7.64680,16197.035200000002
21.12.2020 16:00:00.000 GMT-0600,7.65091,7.67347,7.61425,7.65370,15535.7072
22.12.2020 16:00:00.000 GMT-0600,7.63842,7.66759,7.61650,7.63032,9883.49
23.12.2020 16:00:00.000 GMT-0600,7.64840,7.67207,7.54557,7.56969,9762.235099999998
24.12.2020 16:00:00.000 GMT-0600,7.57827,7.59095,7.57392,7.58843,39
27.12.2020 16:00:00.000 GMT-0600,7.56790,7.56790,7.40131,7.44275,12494.0248
28.12.2020 16:00:00.000 GMT-0600,7.44964,7.47543,7.34304,7.38246,14222.225099999996
29.12.2020 16:00:00.000 GMT-0600,7.38745,7.38745,7.30717,7.37726,13033.4349
30.12.2020 16:00:00.000 GMT-0600,7.36700,7.49069,7.34318,7.43449,22821.3399
03.01.2021 16:00:00.000 GMT-0600,7.41833,7.42525,7.33917,7.41999,15054.125000000002
04.01.2021 16:00:00.000 GMT-0600,7.41812,7.43060,7.36215,7.38577,18244.7202
05.01.2021 16:00:00.000 GMT-0600,7.38410,7.38681,7.26527,7.30417,13699.995
06.01.2021 16:00:00.000 GMT-0600,7.29437,7.39011,7.23944,7.31361,18617.089900000003
07.01.2021 16:00:00.000 GMT-0600,7.31371,7.41282,7.30548,7.36805,15762.865000000002
10.01.2021 16:00:00.000 GMT-0600,7.38358,7.52089,7.38002,7.47163,14232.6801
11.01.2021 16:00:00.000 GMT-0600,7.47651,7.51887,7.42327,7.44580,27836.284799999998
12.01.2021 16:00:00.000 GMT-0600,7.44189,7.47205,7.38555,7.40391,20621.520200000003
13.01.2021 16:00:00.000 GMT-0600,7.39661,7.45453,7.35048,7.35236,24356.6197
14.01.2021 16:00:00.000 GMT-0600,7.36382,7.50670,7.36323,7.44770,27544.3947
17.01.2021 16:00:00.000 GMT-0600,7.46562,7.54149,7.46370,7.47305,15965.830199999999
18.01.2021 16:00:00.000 GMT-0600,7.48163,7.48448,7.41698,7.46826,19835.577899999993
19.01.2021 16:00:00.000 GMT-0600,7.47061,7.47159,7.38516,7.41530,22325.550099999997
20.01.2021 16:00:00.000 GMT-0600,7.41651,7.42273,7.34743,7.36337,22383.6876
21.01.2021 16:00:00.000 GMT-0600,7.36513,7.44197,7.36512,7.41742,24876.7702
24.01.2021 16:00:00.000 GMT-0600,7.41565,7.42472,7.36437,7.40297,20286.054999999997
25.01.2021 16:00:00.000 GMT-0600,7.41087,7.43275,7.33342,7.33859,23099.63
26.01.2021 16:00:00.000 GMT-0600,7.34093,7.41038,7.34093,7.39247,26436.464699999997
27.01.2021 16:00:00.000 GMT-0600,7.39234,7.42958,7.32546,7.33489,30775.514999999996
28.01.2021 16:00:00.000 GMT-0600,7.34233,7.38111,7.27663,7.30888,31142.180100000005
31.01.2021 16:00:00.000 GMT-0600,7.31029,7.31030,7.15510,7.18871,31659.195300000007
01.02.2021 16:00:00.000 GMT-0600,7.18646,7.20091,7.09014,7.19344,34777.7249
02.02.2021 16:00:00.000 GMT-0600,7.19156,7.20196,7.12427,7.15528,33967.47030000001
03.02.2021 16:00:00.000 GMT-0600,7.15206,7.17540,7.09421,7.13511,26804.45029999999
04.02.2021 16:00:00.000 GMT-0600,7.13512,7.14827,7.02811,7.04762,23974.039999999997
07.02.2021 16:00:00.000 GMT-0600,7.04985,7.12167,7.02879,7.06396,23562.009899999997
08.02.2021 16:00:00.000 GMT-0600,7.07471,7.13868,7.05714,7.06021,32091.284800000005
09.02.2021 16:00:00.000 GMT-0600,7.06137,7.08571,7.03009,7.05415,37558.24029999999
10.02.2021 16:00:00.000 GMT-0600,7.05155,7.06483,7.00712,7.01820,18881.5099
11.02.2021 16:00:00.000 GMT-0600,7.02308,7.04754,7.00959,7.03116,14524.4351
14.02.2021 16:00:00.000 GMT-0600,7.02786,7.03137,6.94510,6.96051,20921.0602
15.02.2021 16:00:00.000 GMT-0600,6.96052,7.01759,6.89548,6.99024,28639.9249
16.02.2021 16:00:00.000 GMT-0600,6.98274,7.05709,6.94959,6.97732,27883.1501
17.02.2021 16:00:00.000 GMT-0600,6.97795,7.00774,6.92145,6.96413,27358.870199999998
18.02.2021 16:00:00.000 GMT-0600,6.96484,6.99846,6.94758,6.95038,29561.899700000005
21.02.2021 16:00:00.000 GMT-0600,6.97738,7.08584,6.96077,7.01430,36684.6643
22.02.2021 16:00:00.000 GMT-0600,7.01429,7.11301,7.00147,7.10172,29051.2996
23.02.2021 16:00:00.000 GMT-0600,7.09997,7.24772,7.06640,7.16074,38271.545000000006
24.02.2021 16:00:00.000 GMT-0600,7.16075,7.43170,7.15187,7.34869,41428.462799999994
25.02.2021 16:00:00.000 GMT-0600,7.36747,7.48353,7.30005,7.41899,33960.30039999999
28.02.2021 16:00:00.000 GMT-0600,7.40860,7.40860,7.21931,7.28226,19434.699899999996
01.03.2021 16:00:00.000 GMT-0600,7.27755,7.41785,7.27755,7.34332,24723.1901
02.03.2021 16:00:00.000 GMT-0600,7.34358,7.49449,7.29310,7.45585,18703.257300000005
03.03.2021 16:00:00.000 GMT-0600,7.45129,7.57798,7.39927,7.49512,24130.785
04.03.2021 16:00:00.000 GMT-0600,7.52515,7.57691,7.47236,7.53126,27556.144999999997
07.03.2021 16:00:00.000 GMT-0600,7.51188,7.77432,7.51098,7.77334,27583.3449
08.03.2021 16:00:00.000 GMT-0600,7.75997,7.78202,7.58997,7.62077,18661.194900000002
09.03.2021 16:00:00.000 GMT-0600,7.60717,7.66553,7.47880,7.50675,16833.419999999995
10.03.2021 16:00:00.000 GMT-0600,7.49690,7.55200,7.42642,7.46943,20675.4401
11.03.2021 16:00:00.000 GMT-0600,7.50908,7.61503,7.49777,7.55918,24635.3004
14.03.2021 16:00:00.000 GMT-0500,7.56892,7.61291,7.49958,7.53334,24661.5458
15.03.2021 16:00:00.000 GMT-0500,7.53248,7.54703,7.46641,7.48218,21079.7149
16.03.2021 16:00:00.000 GMT-0500,7.49432,7.63776,7.48077,7.48599,17546.859900000003
17.03.2021 16:00:00.000 GMT-0500,7.49029,7.56259,7.28484,7.31730,21921.495199999998
18.03.2021 16:00:00.000 GMT-0500,7.31731,7.36043,7.18973,7.21001,25272.5249
21.03.2021 16:00:00.000 GMT-0500,8.30793,8.44946,7.69730,7.79897,28196.462299999996
22.03.2021 16:00:00.000 GMT-0500,7.79025,7.93582,7.69931,7.93576,18949.152699999995
23.03.2021 16:00:00.000 GMT-0500,7.92559,8.04140,7.84742,7.93195,16317.557400000003
24.03.2021 16:00:00.000 GMT-0500,7.95853,7.99487,7.89928,7.94318,12576.5525
25.03.2021 16:00:00.000 GMT-0500,7.96896,8.12034,7.96393,8.11964,9687.474999999999
28.03.2021 16:00:00.000 GMT-0500,8.08268,8.21033,8.01345,8.20237,19416.210100000004
29.03.2021 16:00:00.000 GMT-0500,8.24063,8.44987,8.23541,8.33362,42508.385299999994
30.03.2021 16:00:00.000 GMT-0500,8.32870,8.39427,8.22247,8.24136,23412.9753
31.03.2021 16:00:00.000 GMT-0500,8.26770,8.28479,8.09720,8.10218,28054.309700000005
01.04.2021 16:00:00.000 GMT-0500,8.10497,8.18370,7.98736,8.14637,6626.849999999999
04.04.2021 16:00:00.000 GMT-0500,8.21680,8.23938,8.09680,8.10234,15006.7497
05.04.2021 16:00:00.000 GMT-0500,8.11190,8.16585,8.10131,8.12968,18182.8558
06.04.2021 16:00:00.000 GMT-0500,8.16043,8.21080,8.13626,8.14020,15771.109900000001
07.04.2021 16:00:00.000 GMT-0500,8.16871,8.17667,8.12482,8.13427,10163.009900000001
08.04.2021 16:00:00.000 GMT-0500,8.15306,8.19269,8.12017,8.15628,32811.029800000004
11.04.2021 16:00:00.000 GMT-0500,8.17794,8.22467,8.11539,8.14212,10089.9599
12.04.2021 16:00:00.000 GMT-0500,8.14714,8.17576,8.10683,8.10953,7468.47
13.04.2021 16:00:00.000 GMT-0500,8.10824,8.12798,8.02517,8.06465,17420.8901
14.04.2021 16:00:00.000 GMT-0500,8.08109,8.15728,7.99857,8.01503,13824.545000000002
15.04.2021 16:00:00.000 GMT-0500,8.02260,8.11030,8.02229,8.05884,10818.66
18.04.2021 16:00:00.000 GMT-0500,8.07295,8.10751,8.03614,8.08908,7509.519999999999
19.04.2021 16:00:00.000 GMT-0500,8.10001,8.13196,8.07419,8.10934,13593.054999999998
20.04.2021 16:00:00.000 GMT-0500,8.10308,8.20607,8.10287,8.18297,15486.655099999998
21.04.2021 16:00:00.000 GMT-0500,8.18280,8.36777,8.18271,8.30600,15078.7901
22.04.2021 16:00:00.000 GMT-0500,8.34340,8.39715,8.31238,8.38297,15084.029799999998
25.04.2021 16:00:00.000 GMT-0500,8.42078,8.48494,8.27740,8.27767,12747.139999999998
26.04.2021 16:00:00.000 GMT-0500,8.27545,8.29922,8.18132,8.21038,16524.290200000003
27.04.2021 16:00:00.000 GMT-0500,8.22983,8.24262,8.15964,8.18918,9292.039999999999
28.04.2021 16:00:00.000 GMT-0500,8.19738,8.24959,8.12910,8.21390,20772.678299999996
29.04.2021 16:00:00.000 GMT-0500,8.20379,8.31445,8.19043,8.27774,17555.9199
02.05.2021 16:00:00.000 GMT-0500,8.29446,8.33019,8.24223,8.24857,9360.599999999999
03.05.2021 16:00:00.000 GMT-0500,8.24829,8.34571,8.24374,8.32304,14812.629899999998
04.05.2021 16:00:00.000 GMT-0500,8.32205,8.36904,8.31111,8.31446,10935.075
05.05.2021 16:00:00.000 GMT-0500,8.31339,8.34527,8.27138,8.27851,15194.9202
06.05.2021 16:00:00.000 GMT-0500,8.27478,8.30057,8.22293,8.24331,12288.579999999998
09.05.2021 16:00:00.000 GMT-0500,8.23998,8.27877,8.22770,8.27490,13836.690200000001
10.05.2021 16:00:00.000 GMT-0500,8.28786,8.32286,8.27623,8.28380,11970.03
11.05.2021 16:00:00.000 GMT-0500,8.28744,8.44927,8.28490,8.41107,15700.3399
12.05.2021 16:00:00.000 GMT-0500,8.43677,8.50933,8.43677,8.50100,9119.6264
13.05.2021 16:00:00.000 GMT-0500,8.50099,8.50669,8.40832,8.45531,9583.6099
16.05.2021 16:00:00.000 GMT-0500,8.44329,8.44405,8.30535,8.31189,13106.945000000002
17.05.2021 16:00:00.000 GMT-0500,8.31188,8.36399,8.30486,8.34998,14200.980100000002
18.05.2021 16:00:00.000 GMT-0500,8.35693,8.43315,8.35693,8.40799,12160.469799999999
19.05.2021 16:00:00.000 GMT-0500,8.40798,8.40798,8.33869,8.37427,27252.125
20.05.2021 16:00:00.000 GMT-0500,8.36971,8.41412,8.36007,8.41147,22831.355199999998
23.05.2021 16:00:00.000 GMT-0500,8.41997,8.42919,8.36726,8.38245,18677.600299999995
24.05.2021 16:00:00.000 GMT-0500,8.37901,8.48585,8.37559,8.44657,30510.8545
25.05.2021 16:00:00.000 GMT-0500,8.44392,8.46868,8.41214,8.45198,28776.185300000005
26.05.2021 16:00:00.000 GMT-0500,8.45197,8.54246,8.42559,8.48696,39167.960300000006
27.05.2021 16:00:00.000 GMT-0500,8.50322,8.61282,8.49017,8.56082,30298.840899999996
30.05.2021 16:00:00.000 GMT-0500,8.57009,8.57379,8.46528,8.49307,25197.09
31.05.2021 16:00:00.000 GMT-0500,8.48381,8.54113,8.47574,8.53699,31999.319599999995
01.06.2021 16:00:00.000 GMT-0500,8.53698,8.78178,8.53698,8.58733,40163.6602
02.06.2021 16:00:00.000 GMT-0500,8.59340,8.71838,8.59221,8.70175,49344.12999999999
03.06.2021 16:00:00.000 GMT-0500,8.69250,8.74607,8.63989,8.65615,34660.8503
06.06.2021 16:00:00.000 GMT-0500,8.65438,8.68739,8.59494,8.60264,29219.7798
07.06.2021 16:00:00.000 GMT-0500,8.61414,8.63319,8.58144,8.59997,29740.195400000004
08.06.2021 16:00:00.000 GMT-0500,8.59998,8.62104,8.56826,8.58174,25871.519800000002
09.06.2021 16:00:00.000 GMT-0500,8.58173,8.59723,8.41332,8.41999,34755.40009999999
10.06.2021 16:00:00.000 GMT-0500,8.42757,8.44418,8.28418,8.39241,22492.0248
13.06.2021 16:00:00.000 GMT-0500,8.37832,8.47591,8.30008,8.46443,22262.889799999997
14.06.2021 16:00:00.000 GMT-0500,8.45949,8.58986,8.44785,8.55173,28317.449799999995
15.06.2021 16:00:00.000 GMT-0500,8.55173,8.62777,8.47676,8.61125,25112.800200000005
16.06.2021 16:00:00.000 GMT-0500,8.62510,8.72813,8.60346,8.71445,32890.41960000001
17.06.2021 16:00:00.000 GMT-0500,8.71500,8.74693,8.65360,8.72521,33276.79000000001
20.06.2021 16:00:00.000 GMT-0500,8.74753,8.79357,8.71995,8.76728,46513.37040000001
21.06.2021 16:00:00.000 GMT-0500,8.77036,8.79077,8.63906,8.64397,25974.429799999994
22.06.2021 16:00:00.000 GMT-0500,8.65599,8.67465,8.59618,8.63855,26465.720200000003
23.06.2021 16:00:00.000 GMT-0500,8.63898,8.71178,8.63568,8.70275,27300.825100000005
24.06.2021 16:00:00.000 GMT-0500,8.69933,8.79264,8.67472,8.76123,29172.500000000007
27.06.2021 16:00:00.000 GMT-0500,8.76095,8.76230,8.68020,8.68443,23265.960199999998
28.06.2021 16:00:00.000 GMT-0500,8.68533,8.74601,8.68121,8.73323,29918.319900000006
29.06.2021 16:00:00.000 GMT-0500,8.73324,8.73921,8.65027,8.70052,42934.1803
30.06.2021 16:00:00.000 GMT-0500,8.69917,8.72190,8.64546,8.66223,41992.4299
01.07.2021 16:00:00.000 GMT-0500,8.66813,8.72188,8.65981,8.67198,39382.3452
04.07.2021 16:00:00.000 GMT-0500,8.68248,8.71103,8.65228,8.66623,23804.759899999997
05.07.2021 16:00:00.000 GMT-0500,8.66624,8.70119,8.63356,8.68698,37143.39940000001
06.07.2021 16:00:00.000 GMT-0500,8.68699,8.71045,8.65700,8.68131,28258.9204
07.07.2021 16:00:00.000 GMT-0500,8.67662,8.73087,8.67519,8.68361,53197.0401
08.07.2021 16:00:00.000 GMT-0500,8.68706,8.70421,8.64504,8.65620,42172.82
11.07.2021 16:00:00.000 GMT-0500,8.65948,8.67166,8.62342,8.63549,24415.41
12.07.2021 16:00:00.000 GMT-0500,8.63548,8.64244,8.57138,8.61874,23905.44
13.07.2021 16:00:00.000 GMT-0500,8.61873,8.64661,8.58122,8.58548,20724.0493
14.07.2021 16:00:00.000 GMT-0500,8.58037,8.58689,8.55050,8.56153,10039.189999999999
15.07.2021 16:00:00.000 GMT-0500,8.56405,8.58200,8.49324,8.50410,23826.068899999995
18.07.2021 16:00:00.000 GMT-0500,8.53547,8.60927,8.53093,8.58224,22581.339700000004
19.07.2021 16:00:00.000 GMT-0500,8.58224,8.59652,8.54048,8.56616,11235.7301
20.07.2021 16:00:00.000 GMT-0500,8.56655,8.60380,8.55254,8.56133,8428.48
21.07.2021 16:00:00.000 GMT-0500,8.55403,8.57496,8.54652,8.55599,7630.589999999999
22.07.2021 16:00:00.000 GMT-0500,8.55598,8.56517,8.54164,8.54857,9025.07
25.07.2021 16:00:00.000 GMT-0500,8.54873,8.62621,8.54196,8.55569,29641.779799999993
26.07.2021 16:00:00.000 GMT-0500,8.55555,8.58236,8.54266,8.55768,24011.4601
27.07.2021 16:00:00.000 GMT-0500,8.56192,8.57763,8.54215,8.54874,23173.919700000002
28.07.2021 16:00:00.000 GMT-0500,8.55067,8.55729,8.43875,8.45623,21110.26
29.07.2021 16:00:00.000 GMT-0500,8.45623,8.48895,8.39952,8.44178,19575.450299999993
01.08.2021 16:00:00.000 GMT-0500,8.44256,8.47469,8.33011,8.34764,30733.510300000005
02.08.2021 16:00:00.000 GMT-0500,8.35079,8.44299,8.29384,8.40563,35027.0775
03.08.2021 16:00:00.000 GMT-0500,8.40235,8.49013,8.38395,8.47524,32748.569400000004
04.08.2021 16:00:00.000 GMT-0500,8.47658,8.57060,8.46767,8.51979,36916.04939999999
05.08.2021 16:00:00.000 GMT-0500,8.52057,8.64099,8.51747,8.62454,48164.50979999998
08.08.2021 16:00:00.000 GMT-0500,8.62073,8.66852,8.61386,8.65070,22584.379899999996
09.08.2021 16:00:00.000 GMT-0500,8.64725,8.66925,8.58720,8.60481,25142.039899999996
10.08.2021 16:00:00.000 GMT-0500,8.60692,8.68036,8.58559,8.62667,26462.250100000005
11.08.2021 16:00:00.000 GMT-0500,8.62667,8.62801,8.52634,8.55580,32217.830300000005
12.08.2021 16:00:00.000 GMT-0500,8.55742,8.57587,8.50386,8.50386,25650.92950000001
15.08.2021 16:00:00.000 GMT-0500,8.51246,8.51969,8.45080,8.45522,27308.2201
16.08.2021 16:00:00.000 GMT-0500,8.45729,8.48757,8.38545,8.42949,36470.95989999998
17.08.2021 16:00:00.000 GMT-0500,8.42749,8.49616,8.41971,8.45904,31311.780099999996
18.08.2021 16:00:00.000 GMT-0500,8.45945,8.55139,8.45268,8.50927,37210.7496
19.08.2021 16:00:00.000 GMT-0500,8.51908,8.55847,8.47767,8.48461,23046.159999999996
22.08.2021 16:00:00.000 GMT-0500,8.48653,8.49497,8.41697,8.41697,20425.4
23.08.2021 16:00:00.000 GMT-0500,8.42168,8.45062,8.39522,8.39574,80677.48990000002
24.08.2021 16:00:00.000 GMT-0500,8.41132,8.41843,8.36792,8.37173,25321.859900000003
25.08.2021 16:00:00.000 GMT-0500,8.37399,8.40213,8.35084,8.38749,27481.800000000003
26.08.2021 16:00:00.000 GMT-0500,8.38750,8.40536,8.34099,8.34949,25049.0698
29.08.2021 16:00:00.000 GMT-0500,8.34587,8.39147,8.32490,8.37749,17448.080100000003
30.08.2021 16:00:00.000 GMT-0500,8.36470,8.38402,8.29546,8.31606,26665.264999999996
31.08.2021 16:00:00.000 GMT-0500,8.31913,8.33169,8.27531,8.28338,21807.1603
01.09.2021 16:00:00.000 GMT-0500,8.28281,8.29611,8.26274,8.27602,17845.4098
02.09.2021 16:00:00.000 GMT-0500,8.27602,8.34596,8.27511,8.31064,26570.8159
05.09.2021 16:00:00.000 GMT-0500,8.32119,8.32665,8.27012,8.27648,22873.2398
06.09.2021 16:00:00.000 GMT-0500,8.27648,8.35062,8.26957,8.34958,24269.0642
07.09.2021 16:00:00.000 GMT-0500,8.34959,8.48204,8.33567,8.46494,28269.914599999996
08.09.2021 16:00:00.000 GMT-0500,8.45761,8.51767,8.42645,8.42955,30337.140000000007
09.09.2021 16:00:00.000 GMT-0500,8.43299,8.46512,8.40180,8.46080,26568.9198
12.09.2021 16:00:00.000 GMT-0500,8.46665,8.47382,8.41986,8.42330,27673.760000000002
13.09.2021 16:00:00.000 GMT-0500,8.42399,8.46753,8.41245,8.43811,20955.8147
14.09.2021 16:00:00.000 GMT-0500,8.43432,8.45961,8.42062,8.43008,19548.204899999997
15.09.2021 16:00:00.000 GMT-0500,8.42959,8.54288,8.42626,8.53312,27826.5699
16.09.2021 16:00:00.000 GMT-0500,8.53665,8.65242,8.51773,8.64778,25670.6054
19.09.2021 16:00:00.000 GMT-0500,8.64282,8.72526,8.64282,8.66211,23238.059999999998
20.09.2021 16:00:00.000 GMT-0500,8.66437,8.67394,8.60767,8.62410,24446.0898
21.09.2021 16:00:00.000 GMT-0500,8.62147,8.66450,8.60538,8.65465,20114.7398
22.09.2021 16:00:00.000 GMT-0500,8.64929,8.80141,8.63168,8.75848,31726.2452
23.09.2021 16:00:00.000 GMT-0500,8.76523,8.88896,8.76076,8.88024,25930.6801
26.09.2021 16:00:00.000 GMT-0500,8.85935,8.89025,8.81402,8.82257,32337.932099999998
27.09.2021 16:00:00.000 GMT-0500,8.81467,8.89364,8.81467,8.86887,29375.7597
28.09.2021 16:00:00.000 GMT-0500,8.86709,8.95120,8.83669,8.90947,24045.5695
29.09.2021 16:00:00.000 GMT-0500,8.91589,8.93449,8.86180,8.88267,29762.8
30.09.2021 16:00:00.000 GMT-0500,8.88486,8.89051,8.83056,8.85071,21724.429900000003
03.10.2021 16:00:00.000 GMT-0500,8.85689,8.88219,8.83169,8.84947,29962.579899999993
04.10.2021 16:00:00.000 GMT-0500,8.85264,8.88943,8.84574,8.86757,21511.540000000005
05.10.2021 16:00:00.000 GMT-0500,8.86569,8.93486,8.86271,8.87406,33641.815299999995
06.10.2021 16:00:00.000 GMT-0500,8.86949,8.88570,8.85167,8.87191,23350.009899999994
07.10.2021 16:00:00.000 GMT-0500,8.88049,8.97319,8.87345,8.95693,27979.9919
10.10.2021 16:00:00.000 GMT-0500,8.95745,9.01182,8.92129,8.99725,37248.267100000005
11.10.2021 16:00:00.000 GMT-0500,9.00089,9.04369,8.99038,9.03888,28813.117200000004
12.10.2021 16:00:00.000 GMT-0500,9.03643,9.10505,9.01819,9.08666,21981.832400000003
13.10.2021 16:00:00.000 GMT-0500,9.09172,9.19762,9.09172,9.18476,23552.7201
14.10.2021 16:00:00.000 GMT-0500,9.18242,9.24575,9.18242,9.24512,26254.329999999998
17.10.2021 16:00:00.000 GMT-0500,9.25620,9.33880,9.24996,9.33879,22646.272599999997
18.10.2021 16:00:00.000 GMT-0500,9.32952,9.37041,9.26044,9.29287,25606.370199999998
19.10.2021 16:00:00.000 GMT-0500,9.29422,9.35367,9.19973,9.21325,29136.6625
20.10.2021 16:00:00.000 GMT-0500,9.21386,9.49896,9.20747,9.49546,28977.687599999997
21.10.2021 16:00:00.000 GMT-0500,9.52436,9.66439,9.49507,9.59946,38416.86609999999
24.10.2021 16:00:00.000 GMT-0500,9.78612,9.84532,9.53557,9.58405,25741.9328
25.10.2021 16:00:00.000 GMT-0500,9.58974,9.62130,9.41334,9.54388,36280.1472
26.10.2021 16:00:00.000 GMT-0500,9.53587,9.54594,9.46407,9.48291,41533.4146
27.10.2021 16:00:00.000 GMT-0500,9.51771,9.62908,9.50997,9.52960,29564.54
28.10.2021 16:00:00.000 GMT-0500,9.52623,9.62330,9.52149,9.60640,21653.3402
31.10.2021 16:00:00.000 GMT-0500,9.59080,9.59508,9.48337,9.52500,28277.9398
01.11.2021 16:00:00.000 GMT-0500,9.53621,9.60981,9.47197,9.59696,27971.590200000002
02.11.2021 16:00:00.000 GMT-0500,9.60365,9.74381,9.59712,9.64150,24842.05999999999
03.11.2021 16:00:00.000 GMT-0500,9.64044,9.76640,9.63524,9.68628,30569.57
04.11.2021 16:00:00.000 GMT-0500,9.70005,9.74220,9.68168,9.68702,34691.6301
07.11.2021 16:00:00.000 GMT-0600,9.68261,9.74354,9.66543,9.68336,25109.355499999998
08.11.2021 16:00:00.000 GMT-0600,9.68737,9.73388,9.68064,9.72770,30989.769699999997
09.11.2021 16:00:00.000 GMT-0600,9.72901,9.87467,9.72901,9.84005,35389.9396
10.11.2021 16:00:00.000 GMT-0600,9.84772,9.97263,9.84772,9.90747,34451.73000000001
11.11.2021 16:00:00.000 GMT-0600,9.92345,10.02297,9.91222,10.01526,26330.230199999998
14.11.2021 16:00:00.000 GMT-0600,10.02495,10.07449,9.95023,10.04916,19337.2898
15.11.2021 16:00:00.000 GMT-0600,10.06079,10.36898,10.06079,10.27526,34401.52970000001
16.11.2021 16:00:00.000 GMT-0600,10.34557,10.68293,10.33215,10.59024,43499.049600000006
17.11.2021 16:00:00.000 GMT-0600,10.64827,11.27737,10.42710,10.93228,28703.023000000005
18.11.2021 16:00:00.000 GMT-0600,11.07764,11.29678,10.83255,11.25692,21407.014999999996
21.11.2021 16:00:00.000 GMT-0600,11.18197,11.46387,10.96512,11.42147,34319.7797
22.11.2021 16:00:00.000 GMT-0600,11.53960,13.30383,11.53960,12.80596,13724.672700000001
23.11.2021 16:00:00.000 GMT-0600,12.96701,13.03985,11.56292,12.04009,15924.6887
24.11.2021 16:00:00.000 GMT-0600,11.97498,12.19959,11.85858,12.01194,12813.279999999999
25.11.2021 16:00:00.000 GMT-0600,12.09059,12.60634,11.92831,12.37165,11576.6501
28.11.2021 16:00:00.000 GMT-0600,12.37155,12.88578,12.37155,12.83809,18030.1852
29.11.2021 16:00:00.000 GMT-0600,12.87544,13.44996,12.78363,13.25432,17956.899900000004
30.11.2021 16:00:00.000 GMT-0600,13.23630,13.85177,12.39650,13.19031,12584.8054
01.12.2021 16:00:00.000 GMT-0600,13.39890,13.81748,13.34909,13.64718,15353.435099999999
02.12.2021 16:00:00.000 GMT-0600,13.73830,13.87883,13.35257,13.65593,153351.8302
05.12.2021 16:00:00.000 GMT-0600,13.79759,13.82652,13.69855,13.80069,45531.8596
06.12.2021 16:00:00.000 GMT-0600,13.83134,13.83134,13.43949,13.53736,54792.66989999999
07.12.2021 16:00:00.000 GMT-0600,13.57382,13.79113,13.57230,13.65067,76175.82499999998
08.12.2021 16:00:00.000 GMT-0600,13.72342,13.83176,13.72243,13.75646,60971.89039999999
09.12.2021 16:00:00.000 GMT-0600,13.83359,13.94806,13.72569,13.88292,160002.7891
12.12.2021 16:00:00.000 GMT-0600,13.85465,14.61157,13.61516,13.82938,96569.46100000002
13.12.2021 16:00:00.000 GMT-0600,13.83225,14.43113,13.83225,14.40562,48663.829600000005
14.12.2021 16:00:00.000 GMT-0600,14.40056,14.81880,14.40014,14.80456,58782.19939999999
15.12.2021 16:00:00.000 GMT-0600,14.81222,15.71152,14.81222,15.67261,75042.4804
16.12.2021 16:00:00.000 GMT-0600,15.69072,17.14250,15.66362,16.42710,124272.67079999999
19.12.2021 16:00:00.000 GMT-0600,16.78267,18.27303,14.68125,14.90402,81696.4399
20.12.2021 16:00:00.000 GMT-0600,13.55082,14.03803,11.27842,13.01799,86508.5801
21.12.2021 16:00:00.000 GMT-0600,12.30096,12.64745,11.97171,11.99101,44773.120299999995
22.12.2021 16:00:00.000 GMT-0600,11.99507,12.09176,10.20273,11.35289,67309.3093
23.12.2021 16:00:00.000 GMT-0600,11.53609,12.05426,10.25742,10.66189,66886.8588
26.12.2021 16:00:00.000 GMT-0600,10.82616,11.68237,10.79385,11.60686,29731.792400000002
27.12.2021 16:00:00.000 GMT-0600,11.54533,11.91684,11.51796,11.77802,26325.088499999998
28.12.2021 16:00:00.000 GMT-0600,11.77802,12.67987,11.75087,12.57962,46402.38759999999
29.12.2021 16:00:00.000 GMT-0600,12.56481,13.39317,12.40678,13.12856,53979.3116
30.12.2021 16:00:00.000 GMT-0600,13.18682,13.60474,13.01443,13.21076,48385.487700000005
02.01.2022 16:00:00.000 GMT-0600,13.33275,13.91197,12.75474,12.97624,29327.355
03.01.2022 16:00:00.000 GMT-0600,13.07819,13.57532,12.99022,13.35044,41676.61280000001
04.01.2022 16:00:00.000 GMT-0600,13.34697,13.68705,13.27220,13.62737,29773.497599999995
05.01.2022 16:00:00.000 GMT-0600,13.62783,13.86708,13.49787,13.82826,35627.64490000001
06.01.2022 16:00:00.000 GMT-0600,13.82316,13.92208,13.73624,13.78909,25718.8902
09.01.2022 16:00:00.000 GMT-0600,13.72343,13.93252,13.70343,13.77494,32365.374899999995
10.01.2022 16:00:00.000 GMT-0600,13.77494,13.87690,13.70658,13.76017,16742.854999999996
11.01.2022 16:00:00.000 GMT-0600,13.72040,13.84582,13.11430,13.21502,18992.874900000003
12.01.2022 16:00:00.000 GMT-0600,13.15700,13.65050,13.14664,13.54626,18386.234999999993
13.01.2022 16:00:00.000 GMT-0600,13.53301,13.61734,13.43699,13.44799,27729.2349
16.01.2022 16:00:00.000 GMT-0600,13.45606,13.67897,13.33801,13.40739,13436.529900000001
17.01.2022 16:00:00.000 GMT-0600,13.40739,13.66634,13.37261,13.50100,22072.129800000006
18.01.2022 16:00:00.000 GMT-0600,13.50205,13.62699,13.33874,13.38069,19548.489999999998
19.01.2022 16:00:00.000 GMT-0600,13.36582,13.54348,13.25703,13.30601,16963.989999999998
20.01.2022 16:00:00.000 GMT-0600,13.29904,13.50845,13.28559,13.50101,20179.635000000002
23.01.2022 16:00:00.000 GMT-0600,13.39976,13.57896,13.33204,13.40595,22046.0499
24.01.2022 16:00:00.000 GMT-0600,13.38678,13.57254,13.36789,13.44322,12558.830000000002
25.01.2022 16:00:00.000 GMT-0600,13.44781,13.63454,13.43373,13.54101,22926.310100000002
26.01.2022 16:00:00.000 GMT-0600,13.54101,13.65907,13.53342,13.57020,33082.7501
27.01.2022 16:00:00.000 GMT-0600,13.56208,13.66014,13.44854,13.54724,47190.9196
30.01.2022 16:00:00.000 GMT-0600,13.50049,13.57272,13.24685,13.24802,37944.9401
31.01.2022 16:00:00.000 GMT-0600,13.24797,13.46929,13.20787,13.35235,19889.5998
01.02.2022 16:00:00.000 GMT-0600,13.34676,13.57493,13.32384,13.42165,33157.200500000006
02.02.2022 16:00:00.000 GMT-0600,13.41730,13.61375,13.38090,13.52641,22770.699899999996
03.02.2022 16:00:00.000 GMT-0600,13.52842,13.59846,13.49949,13.52100,16086.330099999996
06.02.2022 16:00:00.000 GMT-0600,13.53593,13.60316,13.52366,13.57420,12152.368400000001
07.02.2022 16:00:00.000 GMT-0600,13.54570,13.66054,13.53665,13.54982,23599.850199999997
08.02.2022 16:00:00.000 GMT-0600,13.53800,13.60626,13.51055,13.51647,10570.789999999999
09.02.2022 16:00:00.000 GMT-0600,13.49832,13.56972,13.45744,13.47246,17067.609800000002
10.02.2022 16:00:00.000 GMT-0600,13.45771,13.56206,13.41968,13.41968,15255.6098
13.02.2022 16:00:00.000 GMT-0600,13.50214,13.61134,13.47071,13.58070,16224.969999999998
14.02.2022 16:00:00.000 GMT-0600,13.56353,13.67626,13.55950,13.58851,12322.87
15.02.2022 16:00:00.000 GMT-0600,13.56698,13.64357,13.56182,13.58376,11719.787900000001
16.02.2022 16:00:00.000 GMT-0600,13.56955,13.63271,13.55979,13.56476,12577.96
17.02.2022 16:00:00.000 GMT-0600,13.54815,13.66247,13.48083,13.61816,11069.1681
20.02.2022 16:00:00.000 GMT-0600,13.64549,13.69155,13.55538,13.66826,12704.550000000001
21.02.2022 16:00:00.000 GMT-0600,13.65711,13.90158,13.63730,13.76781,52756.85960000001
22.02.2022 16:00:00.000 GMT-0600,13.75154,13.86737,13.70323,13.80476,20992.600000000002
23.02.2022 16:00:00.000 GMT-0600,13.78591,14.65214,13.77062,13.98321,78026.8212
24.02.2022 16:00:00.000 GMT-0600,13.98321,14.11279,13.71749,13.76249,46331.509699999995
27.02.2022 16:00:00.000 GMT-0600,14.04524,14.09654,13.72020,13.80347,38862.9901
28.02.2022 16:00:00.000 GMT-0600,13.78873,13.96233,13.75663,13.85342,49761.59020000001
01.03.2022 16:00:00.000 GMT-0600,13.85342,14.13109,13.82646,14.00026,17478.849999999995
02.03.2022 16:00:00.000 GMT-0600,13.98203,14.15050,13.96016,14.09812,19248.950099999995
03.03.2022 16:00:00.000 GMT-0600,14.09064,14.26444,14.08599,14.14225,50290.5704
06.03.2022 16:00:00.000 GMT-0600,14.22457,14.41655,14.22457,14.35851,87714.96050000002
07.03.2022 16:00:00.000 GMT-0600,14.34886,14.66334,14.34886,14.46752,89317.3607
08.03.2022 16:00:00.000 GMT-0600,14.45184,14.67777,14.45181,14.63582,34357.699799999995
09.03.2022 16:00:00.000 GMT-0600,14.62686,14.91834,14.60366,14.82270,43090.37980000001
10.03.2022 16:00:00.000 GMT-0600,14.81029,14.99039,14.60163,14.75202,30348.69
13.03.2022 16:00:00.000 GMT-0500,14.69683,14.89273,14.36270,14.75984,25348.110099999998
14.03.2022 16:00:00.000 GMT-0500,14.75757,14.83784,14.30243,14.62763,30772.3899
15.03.2022 16:00:00.000 GMT-0500,14.62522,14.74960,14.57344,14.60216,34425.0702
16.03.2022 16:00:00.000 GMT-0500,14.59831,14.79753,14.53650,14.67906,30913.990100000003
17.03.2022 16:00:00.000 GMT-0500,14.66328,14.81858,14.65253,14.76175,28244.0501
20.03.2022 16:00:00.000 GMT-0500,14.76386,14.85100,14.76386,14.80966,18413.800099999997
21.03.2022 16:00:00.000 GMT-0500,14.80162,14.85355,14.78615,14.81001,19982.3698
22.03.2022 16:00:00.000 GMT-0500,14.78544,14.85529,14.77318,14.82376,20804.929900000006
23.03.2022 16:00:00.000 GMT-0500,14.80707,14.86619,14.78826,14.81076,17096.81
24.03.2022 16:00:00.000 GMT-0500,14.79246,14.85216,14.76961,14.78506,18099.9598
27.03.2022 16:00:00.000 GMT-0500,14.81672,14.84773,14.76438,14.79710,24325.769800000002
28.03.2022 16:00:00.000 GMT-0500,14.79429,14.83850,14.42658,14.56397,31328.55
29.03.2022 16:00:00.000 GMT-0500,14.56397,14.68065,14.51234,14.64076,24449.500100000005
30.03.2022 16:00:00.000 GMT-0500,14.61985,14.68348,14.60839,14.65776,20488.4702
31.03.2022 16:00:00.000 GMT-0500,14.64065,14.69604,14.62048,14.65029,14536.9
03.04.2022 16:00:00.000 GMT-0500,14.66688,14.71398,14.65867,14.67401,19607.6998
04.04.2022 16:00:00.000 GMT-0500,14.65620,14.72883,14.63573,14.70676,14456.829899999999
05.04.2022 16:00:00.000 GMT-0500,14.69820,14.74344,14.68777,14.69836,17923.84
06.04.2022 16:00:00.000 GMT-0500,14.68880,14.76025,14.68392,14.72951,10768.579999999996
07.04.2022 16:00:00.000 GMT-0500,14.71672,14.75783,14.70529,14.71081,19363.879999999997
10.04.2022 16:00:00.000 GMT-0500,14.73885,14.74942,14.62932,14.65326,13882.685599999999
11.04.2022 16:00:00.000 GMT-0500,14.63967,14.68909,14.54914,14.58801,13731.969899999996
12.04.2022 16:00:00.000 GMT-0500,14.57578,14.60124,14.54947,14.58551,18743.5599
13.04.2022 16:00:00.000 GMT-0500,14.57402,14.63206,14.57211,14.58953,15148.680099999998
14.04.2022 16:00:00.000 GMT-0500,14.58953,14.64403,14.56867,14.59906,20805.269900000003
17.04.2022 16:00:00.000 GMT-0500,14.61118,14.65830,14.59575,14.62802,8546.359999999999
18.04.2022 16:00:00.000 GMT-0500,14.61788,14.67075,14.60045,14.64526,16613.64
19.04.2022 16:00:00.000 GMT-0500,14.64127,14.67642,14.63681,14.66251,9719.270000000002
20.04.2022 16:00:00.000 GMT-0500,14.65671,14.73789,14.62388,14.69401,12605.669900000003
21.04.2022 16:00:00.000 GMT-0500,14.69074,14.75322,14.65129,14.72452,15954.010000000002
24.04.2022 16:00:00.000 GMT-0500,14.72170,14.77682,14.68821,14.76426,10432.98
25.04.2022 16:00:00.000 GMT-0500,14.75664,14.80636,14.75664,14.77850,15020.070000000002
26.04.2022 16:00:00.000 GMT-0500,14.77866,14.83246,14.76799,14.80451,14378.7101
27.04.2022 16:00:00.000 GMT-0500,14.79662,14.82735,14.71293,14.77895,26693.640099999997
28.04.2022 16:00:00.000 GMT-0500,14.76908,14.86256,14.75208,14.84264,15781.110000000002
01.05.2022 16:00:00.000 GMT-0500,14.84557,14.90455,14.81404,14.86569,14899.99
02.05.2022 16:00:00.000 GMT-0500,14.86050,14.90428,14.76164,14.79613,19915.6901
03.05.2022 16:00:00.000 GMT-0500,14.79613,14.84345,14.68981,14.72839,24216.039899999996
04.05.2022 16:00:00.000 GMT-0500,14.70211,14.88384,14.67114,14.85047,21324.659999999993
05.05.2022 16:00:00.000 GMT-0500,14.84369,14.95814,14.84369,14.88818,22674.560100000002
08.05.2022 16:00:00.000 GMT-0500,14.92261,15.12403,14.90885,15.07164,31412.439800000004
09.05.2022 16:00:00.000 GMT-0500,15.05758,15.35630,15.02212,15.22182,23936.600199999993
10.05.2022 16:00:00.000 GMT-0500,15.21962,15.37996,15.21962,15.29476,45022.74
11.05.2022 16:00:00.000 GMT-0500,15.28486,15.40449,15.23526,15.36536,19433.7799
12.05.2022 16:00:00.000 GMT-0500,15.35378,15.48714,15.25585,15.42960,19570.460099999997
15.05.2022 16:00:00.000 GMT-0500,15.44610,15.65996,15.44000,15.53701,18331.199700000005
16.05.2022 16:00:00.000 GMT-0500,15.52485,15.89289,15.49946,15.77894,20325.559800000003
17.05.2022 16:00:00.000 GMT-0500,15.79389,15.97950,15.75000,15.91672,34796.3999
18.05.2022 16:00:00.000 GMT-0500,15.91341,15.97429,15.81074,15.83374,15009.419800000001
19.05.2022 16:00:00.000 GMT-0500,15.83374,15.98235,15.81091,15.84869,30263.110199999996
22.05.2022 16:00:00.000 GMT-0500,15.90678,15.96736,15.65790,15.91289,173760.93030000004
23.05.2022 16:00:00.000 GMT-0500,15.89815,16.15675,15.87446,16.03727,145844.22859999997
24.05.2022 16:00:00.000 GMT-0500,16.03515,16.41046,16.01317,16.28589,90363.79
25.05.2022 16:00:00.000 GMT-0500,16.28589,16.46453,16.17841,16.31939,97623.03090000001
26.05.2022 16:00:00.000 GMT-0500,16.28987,16.40191,16.17721,16.18856,100700.6558
29.05.2022 16:00:00.000 GMT-0500,16.22325,16.39249,16.21232,16.36701,84746.2098
30.05.2022 16:00:00.000 GMT-0500,16.36334,16.43385,16.32867,16.37953,138227.95390000002
31.05.2022 16:00:00.000 GMT-0500,16.37953,16.45338,16.34960,16.38076,87498.47949999999
01.06.2022 16:00:00.000 GMT-0500,16.37629,16.48414,16.36998,16.45076,113667.52119999999
02.06.2022 16:00:00.000 GMT-0500,16.44477,16.53944,16.29860,16.39552,143736.9403
05.06.2022 16:00:00.000 GMT-0500,16.41866,16.60078,16.41866,16.56377,127282.56800000001
06.06.2022 16:00:00.000 GMT-0500,16.56090,16.77355,16.53678,16.73405,238389.85
07.06.2022 16:00:00.000 GMT-0500,16.73405,17.19445,16.71722,17.10452,134397.41019999998
08.06.2022 16:00:00.000 GMT-0500,17.10414,17.42409,16.66454,17.11377,162604.38629999995
09.06.2022 16:00:00.000 GMT-0500,17.14529,17.26357,16.80815,17.06104,92615.4398
12.06.2022 16:00:00.000 GMT-0500,17.17961,17.27286,17.00358,17.23915,117468.10080000001
13.06.2022 16:00:00.000 GMT-0500,17.23915,17.28542,17.18979,17.25501,159697.98950000003
14.06.2022 16:00:00.000 GMT-0500,17.24964,17.30468,17.20120,17.20904,108439.66330000003
15.06.2022 16:00:00.000 GMT-0500,17.20904,17.32084,17.16833,17.28000,93682.54020000002
16.06.2022 16:00:00.000 GMT-0500,17.27048,17.33569,17.20182,17.27432,91650.20979999998
19.06.2022 16:00:00.000 GMT-0500,17.27962,17.36601,17.20594,17.32147,82571.46920000002
20.06.2022 16:00:00.000 GMT-0500,17.32147,17.39444,17.29000,17.31697,121405.6604
21.06.2022 16:00:00.000 GMT-0500,17.29802,17.38821,17.24513,17.31929,254119.4851
22.06.2022 16:00:00.000 GMT-0500,17.31436,17.39367,17.27927,17.33751,201111.3813
23.06.2022 16:00:00.000 GMT-0500,17.32145,17.37541,16.47753,16.75499,250792.8497
26.06.2022 16:00:00.000 GMT-0500,16.80737,16.80737,16.05099,16.50234,126912.63110000001
27.06.2022 16:00:00.000 GMT-0500,16.49132,16.68149,16.47856,16.63458,243418.91259999998
28.06.2022 16:00:00.000 GMT-0500,16.63109,16.70964,16.50754,16.57909,310207.77239999996
29.06.2022 16:00:00.000 GMT-0500,16.57909,16.71808,16.46945,16.67165,427833.8219
30.06.2022 16:00:00.000 GMT-0500,16.67165,16.76965,16.63912,16.66494,367917.06870000006
03.07.2022 16:00:00.000 GMT-0500,16.73535,16.83399,16.69539,16.77640,186652.26129999995
04.07.2022 16:00:00.000 GMT-0500,16.76953,17.05285,16.72376,16.96023,276228.93319999997
05.07.2022 16:00:00.000 GMT-0500,16.94729,17.25036,16.92434,17.19443,350232.6423
06.07.2022 16:00:00.000 GMT-0500,17.18840,17.31813,17.14934,17.22592,278802.7293
07.07.2022 16:00:00.000 GMT-0500,17.21858,17.32293,17.18310,17.20349,284750.3573
10.07.2022 16:00:00.000 GMT-0500,17.19806,17.38537,17.19806,17.35260,343210.0335000001
11.07.2022 16:00:00.000 GMT-0500,17.35260,17.39371,17.20621,17.28685,290185.79889999994
12.07.2022 16:00:00.000 GMT-0500,17.27400,17.45612,17.19856,17.40217,325317.5635
13.07.2022 16:00:00.000 GMT-0500,17.38425,17.50364,17.35779,17.40344,244780.2381
14.07.2022 16:00:00.000 GMT-0500,17.36752,17.48858,17.19681,17.32341,230432.3887
17.07.2022 16:00:00.000 GMT-0500,17.24796,17.50644,17.20807,17.43199,234052.27969999998
18.07.2022 16:00:00.000 GMT-0500,17.42211,17.58601,17.34832,17.55059,135538.3486
19.07.2022 16:00:00.000 GMT-0500,17.52961,17.60336,17.44060,17.58251,242045.38980000003
20.07.2022 16:00:00.000 GMT-0500,17.57744,17.74138,17.54955,17.66134,222006.31049999993
21.07.2022 16:00:00.000 GMT-0500,17.63943,17.76738,17.62467,17.69373,246793.93679999997
24.07.2022 16:00:00.000 GMT-0500,17.75803,17.84733,17.72630,17.76000,254572.9822
25.07.2022 16:00:00.000 GMT-0500,17.74852,17.87464,17.69606,17.84276,212751.8913
26.07.2022 16:00:00.000 GMT-0500,17.82442,17.93309,17.80670,17.86222,244565.74160000004
27.07.2022 16:00:00.000 GMT-0500,17.86222,17.93688,17.83633,17.89804,233930.26850000003
28.07.2022 16:00:00.000 GMT-0500,17.88735,17.97681,17.71371,17.88864,286527.1486
31.07.2022 16:00:00.000 GMT-0500,17.90947,17.95199,17.70478,17.86189,238368.0814
01.08.2022 16:00:00.000 GMT-0500,17.84598,17.95590,17.80900,17.92974,181684.86960000003
02.08.2022 16:00:00.000 GMT-0500,17.92621,18.04578,17.91342,17.92530,240604.81479999996
03.08.2022 16:00:00.000 GMT-0500,17.92530,17.98575,17.85741,17.88709,201626.5912
04.08.2022 16:00:00.000 GMT-0500,17.88654,17.97451,17.85890,17.88649,170376.90110000002
07.08.2022 16:00:00.000 GMT-0500,17.88673,17.98941,17.82705,17.90511,171775.6187
08.08.2022 16:00:00.000 GMT-0500,17.89532,17.96485,17.58637,17.87787,224778.23580000002
09.08.2022 16:00:00.000 GMT-0500,17.86265,17.96164,17.79230,17.79230,218209.4385
10.08.2022 16:00:00.000 GMT-0500,17.77415,17.96361,17.77415,17.93514,205974.15250000003
11.08.2022 16:00:00.000 GMT-0500,17.92065,17.96155,17.86334,17.86334,250088.3853
14.08.2022 16:00:00.000 GMT-0500,17.90776,17.96607,17.86065,17.93776,141814.70239999998
15.08.2022 16:00:00.000 GMT-0500,17.92742,17.96496,17.86906,17.90650,154933.80829999998
16.08.2022 16:00:00.000 GMT-0500,17.88345,17.96328,17.87299,17.93826,127971.0788
17.08.2022 16:00:00.000 GMT-0500,17.93373,18.12870,17.91525,18.04834,209852.03010000003
18.08.2022 16:00:00.000 GMT-0500,18.04834,18.11556,18.00383,18.07494,159759.9792
21.08.2022 16:00:00.000 GMT-0500,18.04891,18.12360,18.01069,18.03301,208232.98050000003
22.08.2022 16:00:00.000 GMT-0500,18.03221,18.13340,18.00799,18.09884,222174.90279999998
23.08.2022 16:00:00.000 GMT-0500,18.08597,18.16191,18.05165,18.13432,298069.58070000005
24.08.2022 16:00:00.000 GMT-0500,18.13111,18.17574,18.11106,18.15460,163704.18929999997
25.08.2022 16:00:00.000 GMT-0500,18.14539,18.19369,18.12563,18.13479,150982.2204
28.08.2022 16:00:00.000 GMT-0500,18.08871,18.19626,18.08871,18.15353,141550.3511
29.08.2022 16:00:00.000 GMT-0500,18.13855,18.19454,18.12346,18.16976,365872.99830000004
30.08.2022 16:00:00.000 GMT-0500,18.15954,18.22734,18.12138,18.18510,151893.39959999998
31.08.2022 16:00:00.000 GMT-0500,18.17119,18.21230,17.83247,18.19401,271135.3587
01.09.2022 16:00:00.000 GMT-0500,18.18178,18.25866,18.14591,18.17199,150832.2511
04.09.2022 16:00:00.000 GMT-0500,18.16119,18.23348,18.15833,18.20801,114308.85950000002
05.09.2022 16:00:00.000 GMT-0500,18.19651,18.25513,18.15573,18.21275,103897.84950000001
06.09.2022 16:00:00.000 GMT-0500,18.20519,18.24515,18.17515,18.21445,147589.48790000004
07.09.2022 16:00:00.000 GMT-0500,18.20476,18.24094,18.19949,18.22314,118161.39849999998
08.09.2022 16:00:00.000 GMT-0500,18.21303,18.24818,18.17074,18.17074,131835.7288
11.09.2022 16:00:00.000 GMT-0500,18.19892,18.24806,18.18838,18.21234,211205.7862
12.09.2022 16:00:00.000 GMT-0500,18.20452,18.25805,18.19899,18.23949,194648.83140000008
13.09.2022 16:00:00.000 GMT-0500,18.23588,18.25876,18.21555,18.22604,23287.109899999996
14.09.2022 16:00:00.000 GMT-0500,18.21907,18.27749,18.19430,18.25226,57721.9399
15.09.2022 16:00:00.000 GMT-0500,18.24375,18.28731,18.20019,18.20019,53285.520300000004
18.09.2022 16:00:00.000 GMT-0500,18.25024,18.30433,18.24257,18.26330,40298.57010000001
19.09.2022 16:00:00.000 GMT-0500,18.26130,18.31054,18.23593,18.30045,20197.630100000006
20.09.2022 16:00:00.000 GMT-0500,18.28526,18.33394,18.26821,18.31854,22171.919900000004
21.09.2022 16:00:00.000 GMT-0500,18.31321,18.39808,18.27050,18.30709,60919.42010000001
22.09.2022 16:00:00.000 GMT-0500,18.29421,18.41679,18.27801,18.35842,47270.12
25.09.2022 16:00:00.000 GMT-0500,18.39254,18.46437,18.38799,18.43058,33727.2093
26.09.2022 16:00:00.000 GMT-0500,18.42366,18.67609,18.38392,18.38943,41189.460199999994
27.09.2022 16:00:00.000 GMT-0500,18.38943,18.53959,18.36415,18.49049,69044.30029999999
28.09.2022 16:00:00.000 GMT-0500,18.47104,18.54889,18.38919,18.45938,41932.9
29.09.2022 16:00:00.000 GMT-0500,18.45938,18.55871,18.39066,18.45489,58842.05000000001
02.10.2022 16:00:00.000 GMT-0500,18.43481,18.56791,18.43409,18.44570,25878.330000000005
03.10.2022 16:00:00.000 GMT-0500,18.44699,18.58630,18.39699,18.55859,66673.85990000001
04.10.2022 16:00:00.000 GMT-0500,18.55887,18.58983,18.52992,18.53889,27634.849600000005
05.10.2022 16:00:00.000 GMT-0500,18.52941,18.58900,18.50319,18.55931,27011.7005
06.10.2022 16:00:00.000 GMT-0500,18.55766,18.65828,18.52559,18.54795,25175.899899999997
09.10.2022 16:00:00.000 GMT-0500,18.54818,18.62672,18.48866,18.56373,30230.02989999999
10.10.2022 16:00:00.000 GMT-0500,18.56373,18.63401,18.54018,18.54018,18595.98
11.10.2022 16:00:00.000 GMT-0500,18.48399,18.61079,18.46376,18.52147,33475.499800000005
12.10.2022 16:00:00.000 GMT-0500,18.51524,18.58917,18.48613,18.50502,35211.6981
13.10.2022 16:00:00.000 GMT-0500,18.44721,18.59290,18.44721,18.51274,27299.5699
16.10.2022 16:00:00.000 GMT-0500,18.57101,18.59532,18.54054,18.55544,33756.7495
17.10.2022 16:00:00.000 GMT-0500,18.54984,18.60050,18.51854,18.57076,44574.229600000006
18.10.2022 16:00:00.000 GMT-0500,18.56320,18.60194,18.51084,18.57143,40987.219900000004
19.10.2022 16:00:00.000 GMT-0500,18.56324,18.60615,18.50909,18.57382,30255.839899999995
20.10.2022 16:00:00.000 GMT-0500,18.57255,18.60862,18.44496,18.55457,35401.7602
23.10.2022 16:00:00.000 GMT-0500,18.49473,18.64340,18.37327,18.50367,83014.46029999999
24.10.2022 16:00:00.000 GMT-0500,18.50842,18.62089,18.49719,18.59001,30986.610199999996
25.10.2022 16:00:00.000 GMT-0500,18.58167,18.61254,18.51049,18.59153,33378.43959999999
26.10.2022 16:00:00.000 GMT-0500,18.58522,18.62327,18.50846,18.57982,77473.5702
27.10.2022 16:00:00.000 GMT-0500,18.56440,18.61904,18.54489,18.54489,129504.769
30.10.2022 16:00:00.000 GMT-0500,18.57059,18.63999,18.46442,18.59601,70707.04999999999
31.10.2022 16:00:00.000 GMT-0500,18.58227,18.63094,18.16122,18.54911,96667.20019999998
01.11.2022 16:00:00.000 GMT-0500,18.53744,18.66306,18.52921,18.61854,41987.50019999999
02.11.2022 16:00:00.000 GMT-0500,18.61854,18.63829,18.59779,18.61096,45950.9405
03.11.2022 16:00:00.000 GMT-0500,18.61096,18.63184,18.47391,18.51987,94072.19090000002
06.11.2022 16:00:00.000 GMT-0600,18.57459,18.61431,18.36834,18.38161,79919.77509999998
07.11.2022 16:00:00.000 GMT-0600,18.37066,18.60759,18.37066,18.52240,46362.989899999986
08.11.2022 16:00:00.000 GMT-0600,18.51548,18.62449,18.49266,18.56674,30735.0701
09.11.2022 16:00:00.000 GMT-0600,18.55045,18.61436,18.45549,18.46168,93940.21089999998
10.11.2022 16:00:00.000 GMT-0600,18.45932,18.58442,18.44148,18.54110,63921.2497
13.11.2022 16:00:00.000 GMT-0600,18.51174,18.63294,18.50129,18.54781,224389.4246
14.11.2022 16:00:00.000 GMT-0600,18.54781,18.62570,18.50254,18.59426,77395.39930000002
15.11.2022 16:00:00.000 GMT-0600,18.58804,18.62427,18.54296,18.60360,34350.11
16.11.2022 16:00:00.000 GMT-0600,18.60360,18.61894,18.48989,18.55653,24778.86
17.11.2022 16:00:00.000 GMT-0600,18.54077,18.62742,18.54077,18.58529,11978.4701
20.11.2022 16:00:00.000 GMT-0600,18.60351,18.62907,18.57157,18.60651,29699.0002
21.11.2022 16:00:00.000 GMT-0600,18.60286,18.63015,18.57016,18.60351,13619.010099999996
22.11.2022 16:00:00.000 GMT-0600,18.59485,18.63034,18.58186,18.60376,9727.3099
23.11.2022 16:00:00.000 GMT-0600,18.60374,18.63399,18.58390,18.58812,17555.61
24.11.2022 16:00:00.000 GMT-0600,18.57945,18.63429,18.54795,18.59863,19444.1002
27.11.2022 16:00:00.000 GMT-0600,18.49795,18.65637,18.49795,18.61800,18847.819999999996
28.11.2022 16:00:00.000 GMT-0600,18.60054,18.64220,18.58351,18.62601,49634.66009999999
29.11.2022 16:00:00.000 GMT-0600,18.62024,18.64359,18.57820,18.58691,22421.4099
30.11.2022 16:00:00.000 GMT-0600,18.57980,18.65822,18.56695,18.62376,12362.49
01.12.2022 16:00:00.000 GMT-0600,18.62062,18.67101,18.57569,18.59445,28399.009700000002
04.12.2022 16:00:00.000 GMT-0600,18.60082,18.66657,18.60082,18.62976,22946.61
05.12.2022 16:00:00.000 GMT-0600,18.62053,18.64490,18.61630,18.62401,30475.0598
06.12.2022 16:00:00.000 GMT-0600,18.61697,18.64823,18.61478,18.62951,9600.059999999998
07.12.2022 16:00:00.000 GMT-0600,18.62028,18.65058,18.62028,18.63240,23711.149999999998
08.12.2022 16:00:00.000 GMT-0600,18.62433,18.65292,18.60291,18.61307,39894.52010000001
11.12.2022 16:00:00.000 GMT-0600,18.62780,18.64950,18.57176,18.63315,24634.0001
12.12.2022 16:00:00.000 GMT-0600,18.62748,18.67830,18.50615,18.58208,26671.659799999994
13.12.2022 16:00:00.000 GMT-0600,18.55578,18.65429,18.51705,18.61547,29849.280199999997
14.12.2022 16:00:00.000 GMT-0600,18.60796,18.65776,18.54613,18.62494,32216.559999999994
15.12.2022 16:00:00.000 GMT-0600,18.61162,18.66648,18.60061,18.60330,54405.75060000001
18.12.2022 16:00:00.000 GMT-0600,18.62559,18.66180,18.60782,18.64301,13741.82
19.12.2022 16:00:00.000 GMT-0600,18.63527,18.66789,18.58554,18.64837,28239.750100000005
20.12.2022 16:00:00.000 GMT-0600,18.64063,18.67553,18.62174,18.65901,21238.909900000002
21.12.2022 16:00:00.000 GMT-0600,18.65023,18.68439,18.62196,18.64091,20988.64
22.12.2022 16:00:00.000 GMT-0600,18.64091,18.70520,18.63208,18.64689,23840.499999999996
25.12.2022 16:00:00.000 GMT-0600,18.65442,18.69741,18.54221,18.66267,11819.449999999999
26.12.2022 16:00:00.000 GMT-0600,18.66033,18.76114,18.59829,18.67181,88682.3603
27.12.2022 16:00:00.000 GMT-0600,18.67181,18.73633,18.61814,18.69535,25578.370000000003
28.12.2022 16:00:00.000 GMT-0600,18.68550,18.72540,18.67764,18.69774,19114.400100000006
29.12.2022 16:00:00.000 GMT-0600,18.69341,18.71979,18.62628,18.62987,20469.9599
01.01.2023 16:00:00.000 GMT-0600,18.68168,18.72941,18.60635,18.70135,30462.110399999998
02.01.2023 16:00:00.000 GMT-0600,18.69400,18.74630,18.68109,18.70284,22618.479999999992
03.01.2023 16:00:00.000 GMT-0600,18.69793,18.76614,18.69793,18.73339,17280.8098
04.01.2023 16:00:00.000 GMT-0600,18.72966,18.77713,18.71746,18.75876,19095.5099
05.01.2023 16:00:00.000 GMT-0600,18.75103,18.78626,18.58766,18.69460,20293.250099999997
08.01.2023 16:00:00.000 GMT-0600,18.74695,18.83734,18.60990,18.74244,18509.15
09.01.2023 16:00:00.000 GMT-0600,18.66595,18.77797,18.65152,18.76905,20823.2501
10.01.2023 16:00:00.000 GMT-0600,18.76274,18.80417,18.69454,18.77020,17446.110100000005
11.01.2023 16:00:00.000 GMT-0600,18.76332,18.78683,18.70615,18.76855,9540.140000000003
12.01.2023 16:00:00.000 GMT-0600,18.75926,18.80477,18.73419,18.76752,20379.440000000002
15.01.2023 16:00:00.000 GMT-0600,18.77526,18.83293,18.76894,18.77511,25110.220400000002
16.01.2023 16:00:00.000 GMT-0600,18.76603,18.79419,18.67694,18.70332,43598.59040000001
17.01.2023 16:00:00.000 GMT-0600,18.69259,18.80848,18.66382,18.72501,28018.239700000006
18.01.2023 16:00:00.000 GMT-0600,18.72501,18.80145,18.70359,18.71266,21008.02
19.01.2023 16:00:00.000 GMT-0600,18.70531,18.81141,18.69474,18.69474,38870.04970000001
22.01.2023 16:00:00.000 GMT-0600,18.77802,18.81405,18.70129,18.79927,28124.239899999997
23.01.2023 16:00:00.000 GMT-0600,18.79430,18.80983,18.69883,18.79752,129627.79899999996
24.01.2023 16:00:00.000 GMT-0600,18.79752,18.82369,18.77512,18.77870,33537.5396
25.01.2023 16:00:00.000 GMT-0600,18.77146,18.81801,18.71818,18.77824,12233.9599
26.01.2023 16:00:00.000 GMT-0600,18.77446,18.81898,18.77393,18.78602,10835.5
29.01.2023 16:00:00.000 GMT-0600,18.79551,18.85177,18.70047,18.77221,24154.23
30.01.2023 16:00:00.000 GMT-0600,18.77221,18.84249,18.71373,18.80001,12772.930199999997
31.01.2023 16:00:00.000 GMT-0600,18.79169,18.83545,18.76255,18.78492,7971.429899999999
01.02.2023 16:00:00.000 GMT-0600,18.77888,18.81977,18.76456,18.78796,12766.12
02.02.2023 16:00:00.000 GMT-0600,18.78639,18.82906,18.77343,18.77355,14307.3698
05.02.2023 16:00:00.000 GMT-0600,18.81907,18.84562,18.78894,18.79086,18644.409799999994
06.02.2023 16:00:00.000 GMT-0600,18.78473,18.83288,18.76615,18.80264,10856.2501
07.02.2023 16:00:00.000 GMT-0600,18.79847,18.84040,18.79360,18.82001,16835.8001
08.02.2023 16:00:00.000 GMT-0600,18.81337,18.83364,18.80623,18.82040,10412.730099999999
09.02.2023 16:00:00.000 GMT-0600,18.81285,18.84040,18.78737,18.78737,9615.330000000002
12.02.2023 16:00:00.000 GMT-0600,18.82540,18.84709,18.79951,18.83101,17168.080099999996
13.02.2023 16:00:00.000 GMT-0600,18.82642,18.84837,18.80101,18.82298,38952.6997
14.02.2023 16:00:00.000 GMT-0600,18.82298,18.89218,18.80304,18.84501,29588.6899
15.02.2023 16:00:00.000 GMT-0600,18.84050,18.86585,18.82496,18.84627,24918.099799999996
16.02.2023 16:00:00.000 GMT-0600,18.84629,18.87784,18.76586,18.76586,23222.880200000007
19.02.2023 16:00:00.000 GMT-0600,18.84349,18.86907,18.82753,18.86135,14744.7497
20.02.2023 16:00:00.000 GMT-0600,18.85561,18.90462,18.78214,18.86189,42421.1207
21.02.2023 16:00:00.000 GMT-0600,18.85417,18.89065,18.77347,18.82644,18851.4999
22.02.2023 16:00:00.000 GMT-0600,18.82644,18.87858,18.80500,18.81513,6435.53
23.02.2023 16:00:00.000 GMT-0600,18.81513,18.91030,18.71951,18.84286,20781.509700000002
26.02.2023 16:00:00.000 GMT-0600,18.85433,18.94202,18.72822,18.87412,17516.14
27.02.2023 16:00:00.000 GMT-0600,18.86640,18.90804,18.77432,18.87364,10560.839999999998
28.02.2023 16:00:00.000 GMT-0600,18.85851,18.89097,18.84700,18.87689,6859.46
01.03.2023 16:00:00.000 GMT-0600,18.87689,18.90294,18.79868,18.81211,7761.51
02.03.2023 16:00:00.000 GMT-0600,18.80642,18.91370,18.74749,18.85162,26377.420100000003
05.03.2023 16:00:00.000 GMT-0600,18.86300,18.90729,18.75899,18.88800,25683.900399999995
06.03.2023 16:00:00.000 GMT-0600,18.88800,19.00828,18.80231,18.91287,28501.6101
07.03.2023 16:00:00.000 GMT-0600,18.91303,18.96041,18.89166,18.92949,16127.049999999997
08.03.2023 16:00:00.000 GMT-0600,18.92217,18.96571,18.81640,18.93577,25884.4699
09.03.2023 16:00:00.000 GMT-0600,18.93577,18.99418,18.81706,18.87783,42236.57989999999
12.03.2023 16:00:00.000 GMT-0500,18.92826,19.05563,18.83968,18.95946,31986.569700000004
13.03.2023 16:00:00.000 GMT-0500,18.95030,18.97646,18.82233,18.96276,39695.40079999999
14.03.2023 16:00:00.000 GMT-0500,18.95544,19.06488,18.94518,18.98026,26071.470100000006
15.03.2023 16:00:00.000 GMT-0500,18.97293,19.04900,18.88362,18.98301,11755.66
16.03.2023 16:00:00.000 GMT-0500,18.97494,19.01819,18.94980,18.94980,18512.3102
19.03.2023 16:00:00.000 GMT-0500,18.97163,19.02211,18.94630,18.99179,15985.54
20.03.2023 16:00:00.000 GMT-0500,18.99179,19.03832,18.92009,19.01705,16018.1299
21.03.2023 16:00:00.000 GMT-0500,19.01705,19.04206,18.90453,19.02366,22110.680199999995
22.03.2023 16:00:00.000 GMT-0500,19.02366,19.05181,18.89697,19.01556,17983.7699
23.03.2023 16:00:00.000 GMT-0500,19.02648,19.16026,19.01626,19.04329,26461.5003
26.03.2023 16:00:00.000 GMT-0500,19.04650,19.13442,19.03776,19.07242,10359.090000000002
27.03.2023 16:00:00.000 GMT-0500,19.07242,19.13505,19.06412,19.09736,15573.7902
28.03.2023 16:00:00.000 GMT-0500,19.10510,19.21431,19.10254,19.11059,63482.210100000004
29.03.2023 16:00:00.000 GMT-0500,19.11059,19.19338,19.11059,19.15774,25241.359999999997
30.03.2023 16:00:00.000 GMT-0500,19.15593,19.19731,19.12799,19.16227,75545.23100000001
02.04.2023 16:00:00.000 GMT-0500,19.18989,19.20507,19.17289,19.17552,21534.2502
03.04.2023 16:00:00.000 GMT-0500,19.17961,19.23320,19.17002,19.19645,27657.109900000003
04.04.2023 16:00:00.000 GMT-0500,19.18810,19.26289,19.18753,19.22452,25485.470100000006
05.04.2023 16:00:00.000 GMT-0500,19.22388,19.26690,19.21988,19.22792,24969.150100000003
06.04.2023 16:00:00.000 GMT-0500,19.20894,19.26562,19.20894,19.23937,41011.219900000004
09.04.2023 16:00:00.000 GMT-0500,19.22280,19.28938,19.21737,19.24493,21876.05
10.04.2023 16:00:00.000 GMT-0500,19.24805,19.30297,19.24025,19.28523,33771.530300000006
11.04.2023 16:00:00.000 GMT-0500,19.27766,19.31933,19.27241,19.29582,31762.0401
12.04.2023 16:00:00.000 GMT-0500,19.29582,19.46783,19.29374,19.31320,42695.979699999996
13.04.2023 16:00:00.000 GMT-0500,19.30170,19.39473,19.30170,19.34207,40091.76
16.04.2023 16:00:00.000 GMT-0500,19.36630,19.39909,19.35249,19.37597,45864.2602
17.04.2023 16:00:00.000 GMT-0500,19.38370,19.50694,19.36280,19.38801,47512.0104
18.04.2023 16:00:00.000 GMT-0500,19.38700,19.47462,19.38441,19.38572,30003.7498
19.04.2023 16:00:00.000 GMT-0500,19.38389,19.42367,19.36377,19.38326,31962.35980000001
20.04.2023 16:00:00.000 GMT-0500,19.38326,19.40441,19.37464,19.39347,14568.33
23.04.2023 16:00:00.000 GMT-0500,19.39185,19.41847,19.36562,19.37570,34982.500199999995
24.04.2023 16:00:00.000 GMT-0500,19.38666,19.43620,19.36595,19.41901,39015.16989999999
25.04.2023 16:00:00.000 GMT-0500,19.42459,19.43237,19.39683,19.39683,51377.820100000004
26.04.2023 16:00:00.000 GMT-0500,19.40837,19.61365,19.39823,19.41659,47295.359899999996
27.04.2023 16:00:00.000 GMT-0500,19.41482,19.45807,19.40202,19.43227,49377.9299
30.04.2023 16:00:00.000 GMT-0500,19.44058,19.45942,19.43900,19.44294,17650.259899999997
01.05.2023 16:00:00.000 GMT-0500,19.44303,19.47183,19.43313,19.44079,34952.849899999994
02.05.2023 16:00:00.000 GMT-0500,19.43984,19.49361,19.43635,19.44237,90885.87969999998
03.05.2023 16:00:00.000 GMT-0500,19.44237,19.49226,19.43982,19.47488,36944.6998
04.05.2023 16:00:00.000 GMT-0500,19.48171,19.50835,19.47828,19.49697,73590.98980000001
07.05.2023 16:00:00.000 GMT-0500,19.45014,19.68525,19.45014,19.47519,52694.02040000001
08.05.2023 16:00:00.000 GMT-0500,19.47917,19.53657,19.47229,19.48573,42624.6599
09.05.2023 16:00:00.000 GMT-0500,19.48573,19.56781,19.48573,19.54410,73541.3695
10.05.2023 16:00:00.000 GMT-0500,19.54410,19.66898,19.50942,19.53135,121830.2101
11.05.2023 16:00:00.000 GMT-0500,19.57556,19.65122,19.44924,19.57100,64851.34919999999
14.05.2023 16:00:00.000 GMT-0500,19.62649,19.67854,19.59238,19.65123,39069.1198
15.05.2023 16:00:00.000 GMT-0500,19.65123,19.73807,19.65123,19.72009,39933.88
16.05.2023 16:00:00.000 GMT-0500,19.72009,19.76275,19.70147,19.74299,30242.879800000002
17.05.2023 16:00:00.000 GMT-0500,19.73975,19.80020,19.72326,19.77126,47751.60020000001
18.05.2023 16:00:00.000 GMT-0500,19.77607,19.81719,19.76237,19.79897,37990.450199999985
21.05.2023 16:00:00.000 GMT-0500,19.80324,19.85966,19.80324,19.81630,35455.300299999995
22.05.2023 16:00:00.000 GMT-0500,19.82536,19.88913,19.81903,19.83460,31135.540000000005
23.05.2023 16:00:00.000 GMT-0500,19.84886,19.90324,19.83645,19.88010,38270.56999999999
24.05.2023 16:00:00.000 GMT-0500,19.88010,19.93835,19.87734,19.89058,42716.670000000006
25.05.2023 16:00:00.000 GMT-0500,19.92769,20.05680,19.92608,19.93683,166548.20130000002
28.05.2023 16:00:00.000 GMT-0500,19.99721,20.10106,19.96712,20.08564,21787.940000000002
29.05.2023 16:00:00.000 GMT-0500,20.10505,20.42520,20.08016,20.40979,61235.259399999995
30.05.2023 16:00:00.000 GMT-0500,20.58031,20.82649,20.55401,20.70580,36797.61980000001
31.05.2023 16:00:00.000 GMT-0500,20.76725,20.81438,20.73506,20.79455,20897.930499999995
01.06.2023 16:00:00.000 GMT-0500,20.77691,20.99775,20.77691,20.88999,35432.3398
04.06.2023 16:00:00.000 GMT-0500,21.07005,21.26403,21.02489,21.24581,36405.6705
05.06.2023 16:00:00.000 GMT-0500,21.28640,21.52468,21.24270,21.50899,38216.02019999999
06.06.2023 16:00:00.000 GMT-0500,21.83399,23.29928,21.82721,23.20940,76096.07040000003
07.06.2023 16:00:00.000 GMT-0500,23.31982,23.40168,23.04897,23.04897,96634.47969999998
08.06.2023 16:00:00.000 GMT-0500,23.47098,23.54632,23.15958,23.35602,63153.04990000001
11.06.2023 16:00:00.000 GMT-0500,23.61899,23.66899,23.50548,23.64329,31301.080199999997
12.06.2023 16:00:00.000 GMT-0500,23.64061,23.69423,23.54699,23.60845,43695.850099999996
13.06.2023 16:00:00.000 GMT-0500,23.61210,23.67662,23.45440,23.55639,61036.06939999999
14.06.2023 16:00:00.000 GMT-0500,23.53849,23.67823,23.53849,23.65416,34160.69039999999
15.06.2023 16:00:00.000 GMT-0500,23.63314,23.67686,23.55634,23.55634,61201.66010000001
18.06.2023 16:00:00.000 GMT-0500,23.60868,23.67530,23.56549,23.59797,28228.259800000003
19.06.2023 16:00:00.000 GMT-0500,23.60091,23.66023,23.54590,23.55744,23689.9797
20.06.2023 16:00:00.000 GMT-0500,23.55432,23.62521,23.40075,23.55124,65290.10079999999
21.06.2023 16:00:00.000 GMT-0500,23.55447,24.87397,23.51995,24.87341,91858.3102
22.06.2023 16:00:00.000 GMT-0500,24.84475,25.73589,24.84475,25.24399,35967.9801
25.06.2023 16:00:00.000 GMT-0500,25.39993,26.04474,25.28147,26.01799,83531.53940000001
26.06.2023 16:00:00.000 GMT-0500,26.08359,26.08359,25.53795,26.00117,47485.590399999994
27.06.2023 16:00:00.000 GMT-0500,26.02532,26.07187,26.00450,26.02132,19654.1399
28.06.2023 16:00:00.000 GMT-0500,26.02881,26.06998,26.00561,26.02262,10009.3699
29.06.2023 16:00:00.000 GMT-0500,26.02155,26.07887,25.96399,26.03038,21489.6498
02.07.2023 16:00:00.000 GMT-0500,26.00369,26.16471,25.81739,25.93739,26276.01999999998
03.07.2023 16:00:00.000 GMT-0500,25.95399,26.07410,25.94279,25.99399,50547.62999999995
04.07.2023 16:00:00.000 GMT-0500,25.97259,26.11793,25.96589,26.06439,35170.64999999998
05.07.2023 16:00:00.000 GMT-0500,26.06197,26.09760,25.87582,26.07968,30036.56999999998
06.07.2023 16:00:00.000 GMT-0500,26.10018,26.14585,25.99934,26.05239,46497.080000000096