Date,Symbol,Frequency,Open,High,Low,Close,Volume
30.06.2019,RON,Day,4.17215,4.19357,4.16455,4.18844,27003.75
01.07.2019,RON,Day,4.18975,4.19539,4.18128,4.19122,24092.75
02.07.2019,RON,Day,4.19321,4.20156,4.17685,4.17912,21540.0
03.07.2019,RON,Day,4.17851,4.18809,4.17465,4.17465,8740.75
04.07.2019,RON,Day,4.17651,4.21427,4.17549,4.20066,24677.75
07.07.2019,RON,Day,4.20809,4.21333,4.20137,4.20774,15270.75
08.07.2019,RON,Day,4.20877,4.22243,4.20869,4.21512,15040.75
09.07.2019,RON,Day,4.2173,4.22084,4.19718,4.20191,28242.75
10.07.2019,RON,Day,4.19541,4.20743,4.18973,4.2011,24579.0
11.07.2019,RON,Day,4.1972,4.21024,4.19212,4.19223,19000.25
14.07.2019,RON,Day,4.19597,4.20332,4.19211,4.1988,13874.75
15.07.2019,RON,Day,4.20037,4.22222,4.19994,4.21571,19385.0
16.07.2019,RON,Day,4.21508,4.22461,4.2101,4.2101,15346.25
17.07.2019,RON,Day,4.21071,4.22124,4.19127,4.19148,21464.47
18.07.2019,RON,Day,4.20135,4.21513,4.19798,4.20802,15816.16
21.07.2019,RON,Day,4.21424,4.21458,4.20461,4.2081,14242.75
22.07.2019,RON,Day,4.218,4.23418,4.21514,4.22925,16819.75
23.07.2019,RON,Day,4.23535,4.24125,4.22807,4.2331,18060.0
24.07.2019,RON,Day,4.237,4.25285,4.22132,4.2349,27497.25
25.07.2019,RON,Day,4.23718,4.25134,4.2366,4.2385,14339.75
28.07.2019,RON,Day,4.24577,4.25393,4.24052,4.24052,12959.25
29.07.2019,RON,Day,4.2442,4.24829,4.23762,4.23762,15700.25
30.07.2019,RON,Day,4.23985,4.27463,4.23244,4.2659,24878.5
31.07.2019,RON,Day,4.27693,4.29078,4.26536,4.26905,19530.25
01.08.2019,RON,Day,4.27228,4.27287,4.24577,4.24936,29114.74
04.08.2019,RON,Day,4.251,4.25499,4.21818,4.2201,27660.75
05.08.2019,RON,Day,4.2202,4.23376,4.21621,4.21783,19997.0
06.08.2019,RON,Day,4.21678,4.2309,4.20563,4.21821,43448.75
07.08.2019,RON,Day,4.21112,4.22908,4.20671,4.22115,25509.0
08.08.2019,RON,Day,4.21597,4.22473,4.2095,4.21718,23807.0
11.08.2019,RON,Day,4.21355,4.23255,4.20277,4.20808,22131.25
12.08.2019,RON,Day,4.2187,4.22674,4.20416,4.22059,38816.75
13.08.2019,RON,Day,4.22388,4.24065,4.21646,4.23042,23089.0
14.08.2019,RON,Day,4.23077,4.25909,4.22903,4.249,9135.0
15.08.2019,RON,Day,4.25509,4.27292,4.2537,4.25681,11488.0
18.08.2019,RON,Day,4.26176,4.26795,4.25433,4.26523,7339.0
19.08.2019,RON,Day,4.26489,4.27376,4.25132,4.25683,11703.0
20.08.2019,RON,Day,4.2599,4.26452,4.24742,4.25799,10474.0
21.08.2019,RON,Day,4.26152,4.27148,4.25065,4.25933,20408.0
22.08.2019,RON,Day,4.26193,4.27119,4.23157,4.23294,24074.0
25.08.2019,RON,Day,4.23596,4.26145,4.2353,4.25665,23615.0
26.08.2019,RON,Day,4.25765,4.26886,4.25642,4.26414,22736.0
27.08.2019,RON,Day,4.26679,4.27183,4.25188,4.26413,17845.0
28.08.2019,RON,Day,4.26372,4.27881,4.26233,4.27079,20463.0
29.08.2019,RON,Day,4.27695,4.30952,4.27582,4.29781,15763.25
01.09.2019,RON,Day,4.29954,4.31007,4.29836,4.30081,11283.0
02.09.2019,RON,Day,4.31694,4.32875,4.30407,4.30407,19740.0
03.09.2019,RON,Day,4.30673,4.30815,4.2793,4.2804,20731.0
04.09.2019,RON,Day,4.28471,4.28989,4.26746,4.28285,19652.0
05.09.2019,RON,Day,4.283,4.29358,4.27834,4.28543,23054.0
08.09.2019,RON,Day,4.29118,4.29233,4.27172,4.27728,16439.0
09.09.2019,RON,Day,4.28151,4.2901,4.2754,4.281,16794.0
10.09.2019,RON,Day,4.27991,4.30946,4.27925,4.29731,16598.0
11.09.2019,RON,Day,4.29859,4.33064,4.27114,4.27645,36719.0
12.09.2019,RON,Day,4.27493,4.27903,4.26262,4.27204,25982.0
15.09.2019,RON,Day,4.27508,4.30515,4.27273,4.29828,19140.0
16.09.2019,RON,Day,4.29497,4.30675,4.27008,4.2715,20991.0
17.09.2019,RON,Day,4.27722,4.30474,4.27567,4.29666,21571.0
18.09.2019,RON,Day,4.29463,4.29871,4.28156,4.29355,20415.0
19.09.2019,RON,Day,4.28918,4.32092,4.28697,4.30913,17639.0
22.09.2019,RON,Day,4.30819,4.33372,4.30806,4.31558,24909.0
23.09.2019,RON,Day,4.32134,4.3236,4.30719,4.3073,19518.0
24.09.2019,RON,Day,4.31843,4.33891,4.31099,4.33368,20648.0
25.09.2019,RON,Day,4.32956,4.35156,4.32545,4.34536,19965.0
26.09.2019,RON,Day,4.34714,4.35237,4.33723,4.34505,18365.0
29.09.2019,RON,Day,4.34595,4.3621,4.33972,4.34906,15476.0
30.09.2019,RON,Day,4.35029,4.36295,4.33457,4.33626,18064.0
01.10.2019,RON,Day,4.33704,4.35458,4.32659,4.32659,18058.0
02.10.2019,RON,Day,4.33027,4.33801,4.31582,4.32704,19600.0
03.10.2019,RON,Day,4.32604,4.33146,4.31636,4.32121,21486.0
06.10.2019,RON,Day,4.32267,4.32971,4.3144,4.32236,16982.0
07.10.2019,RON,Day,4.32215,4.3405,4.31678,4.3321,22518.0
08.10.2019,RON,Day,4.3317,4.33397,4.31826,4.32532,16865.0
09.10.2019,RON,Day,4.3216,4.32708,4.30236,4.32282,24679.0
10.10.2019,RON,Day,4.31577,4.32573,4.29436,4.30338,30169.0
13.10.2019,RON,Day,4.30846,4.31553,4.30347,4.30584,13161.0
14.10.2019,RON,Day,4.30818,4.32538,4.30201,4.30595,20720.0
15.10.2019,RON,Day,4.30782,4.31378,4.28832,4.28941,25067.0
16.10.2019,RON,Day,4.2893,4.29466,4.26772,4.26941,27671.0
17.10.2019,RON,Day,4.27069,4.27564,4.2533,4.2533,16566.0
20.10.2019,RON,Day,4.26151,4.27083,4.25636,4.26394,15738.0
21.10.2019,RON,Day,4.2637,4.28097,4.2637,4.27559,18394.0
22.10.2019,RON,Day,4.27967,4.28487,4.2669,4.26779,13190.0
23.10.2019,RON,Day,4.26854,4.28594,4.25709,4.27947,19330.0
24.10.2019,RON,Day,4.28012,4.29143,4.27396,4.28416,10060.0
27.10.2019,RON,Day,4.28623,4.29023,4.27979,4.27996,11519.0
28.10.2019,RON,Day,4.28359,4.29559,4.27599,4.27723,11563.0
29.10.2019,RON,Day,4.27931,4.29294,4.26432,4.26432,20431.0
30.10.2019,RON,Day,4.26097,4.27263,4.25202,4.25941,21813.0
31.10.2019,RON,Day,4.25602,4.27122,4.25315,4.25318,16302.0
03.11.2019,RON,Day,4.25268,4.27107,4.24965,4.26763,10907.75
04.11.2019,RON,Day,4.26901,4.29825,4.26576,4.28953,18988.25
05.11.2019,RON,Day,4.29112,4.30151,4.28889,4.29809,13685.0
06.11.2019,RON,Day,4.30169,4.31306,4.29089,4.3027,23705.5
07.11.2019,RON,Day,4.30555,4.32324,4.30355,4.31799,15070.75
10.11.2019,RON,Day,4.32005,4.32089,4.31308,4.31352,11531.5
11.11.2019,RON,Day,4.3147,4.32781,4.31278,4.323,13088.25
12.11.2019,RON,Day,4.32339,4.33065,4.32,4.32368,15879.5
13.11.2019,RON,Day,4.32858,4.33638,4.32094,4.32094,13320.5
14.11.2019,RON,Day,4.32317,4.32739,4.31055,4.31055,11969.5
17.11.2019,RON,Day,4.30932,4.31878,4.30415,4.30793,11206.75
18.11.2019,RON,Day,4.30786,4.31581,4.3072,4.3072,10771.75
19.11.2019,RON,Day,4.31148,4.32427,4.31121,4.31566,12941.5
20.11.2019,RON,Day,4.31683,4.32064,4.30712,4.31673,12418.75
21.11.2019,RON,Day,4.314,4.33568,4.30802,4.32958,15553.0
24.11.2019,RON,Day,4.32913,4.33837,4.32349,4.33111,10609.25
25.11.2019,RON,Day,4.32944,4.34041,4.32944,4.33321,12779.0
26.11.2019,RON,Day,4.34087,4.36902,4.33673,4.36571,11796.25
27.11.2019,RON,Day,4.36386,4.36416,4.33807,4.34911,7796.5
28.11.2019,RON,Day,4.35176,4.35392,4.33374,4.33582,11125.75
01.12.2019,RON,Day,4.33618,4.34166,4.30574,4.30657,11820.25
02.12.2019,RON,Day,4.31102,4.31626,4.30416,4.30604,12781.0
03.12.2019,RON,Day,4.31119,4.31477,4.2954,4.30823,14182.75
04.12.2019,RON,Day,4.30899,4.31025,4.29982,4.29982,12079.75
05.12.2019,RON,Day,4.30342,4.32711,4.30065,4.31565,12796.0
08.12.2019,RON,Day,4.31453,4.32134,4.30899,4.31511,9152.25
09.12.2019,RON,Day,4.317,4.31761,4.30325,4.30325,10933.5
10.12.2019,RON,Day,4.30809,4.31635,4.28881,4.29186,15301.25
11.12.2019,RON,Day,4.29052,4.3044,4.2843,4.29027,19748.75
12.12.2019,RON,Day,4.2791,4.30032,4.27102,4.2935,24337.0
15.12.2019,RON,Day,4.28815,4.29381,4.2781,4.2781,12545.5
16.12.2019,RON,Day,4.27698,4.28922,4.27375,4.28117,16145.25
17.12.2019,RON,Day,4.28895,4.29762,4.27523,4.29019,9054.0
18.12.2019,RON,Day,4.28455,4.294,4.27979,4.28074,14139.25
19.12.2019,RON,Day,4.28455,4.30869,4.28311,4.30329,12909.5
22.12.2019,RON,Day,4.30102,4.31097,4.29711,4.30643,12508.0
23.12.2019,RON,Day,4.30967,4.317,4.30519,4.30519,11259.25
24.12.2019,RON,Day,4.31119,4.31396,4.31032,4.31307,14.0
25.12.2019,RON,Day,4.30827,4.31221,4.30239,4.30782,2070.0
26.12.2019,RON,Day,4.29786,4.29786,4.27545,4.27642,11828.0
29.12.2019,RON,Day,4.26801,4.27581,4.26404,4.26845,11994.5
30.12.2019,RON,Day,4.2684,4.26956,4.25446,4.26602,8251.25
01.01.2020,RON,Day,4.26596,4.28191,4.26203,4.27708,2705.0
02.01.2020,RON,Day,4.27866,4.29504,4.26969,4.27369,17550.75
05.01.2020,RON,Day,4.27279,4.27688,4.26035,4.26158,14460.0
06.01.2020,RON,Day,4.26794,4.2899,4.26572,4.28176,17470.75
07.01.2020,RON,Day,4.2829,4.30021,4.28163,4.29752,19148.0
08.01.2020,RON,Day,4.29637,4.30819,4.29401,4.29876,14935.25
09.01.2020,RON,Day,4.29935,4.31085,4.29272,4.29272,14810.25
12.01.2020,RON,Day,4.29317,4.30059,4.28478,4.28552,12934.75
13.01.2020,RON,Day,4.28569,4.30333,4.28446,4.29286,14047.25
14.01.2020,RON,Day,4.29225,4.29816,4.28087,4.28326,13280.5
15.01.2020,RON,Day,4.28605,4.29309,4.27662,4.28736,14544.0
16.01.2020,RON,Day,4.28904,4.31065,4.28805,4.30564,13014.5
19.01.2020,RON,Day,4.30259,4.31369,4.30183,4.30194,8009.0
20.01.2020,RON,Day,4.30452,4.31098,4.29567,4.30755,12305.5
21.01.2020,RON,Day,4.30816,4.31471,4.30296,4.30296,13975.25
22.01.2020,RON,Day,4.30764,4.32951,4.30062,4.31883,18920.75
23.01.2020,RON,Day,4.32249,4.33697,4.3178,4.33344,8494.0
26.01.2020,RON,Day,4.33268,4.34012,4.32923,4.33313,12320.5
27.01.2020,RON,Day,4.33526,4.34464,4.33093,4.33235,11050.25
28.01.2020,RON,Day,4.33393,4.34663,4.33393,4.33777,11660.5
29.01.2020,RON,Day,4.33981,4.34152,4.32544,4.32562,13529.25
30.01.2020,RON,Day,4.33081,4.33701,4.30313,4.30313,13322.5
02.02.2020,RON,Day,4.3104,4.32718,4.30886,4.31514,13808.25
03.02.2020,RON,Day,4.3147,4.32926,4.31372,4.32255,12687.0
04.02.2020,RON,Day,4.32802,4.33624,4.32257,4.32862,14183.5
05.02.2020,RON,Day,4.32983,4.33666,4.32707,4.32831,10379.5
06.02.2020,RON,Day,4.33017,4.35042,4.3296,4.34601,13958.0
09.02.2020,RON,Day,4.34512,4.36901,4.34423,4.36519,10837.25
10.02.2020,RON,Day,4.36816,4.37807,4.36348,4.36609,13133.0
11.02.2020,RON,Day,4.37101,4.38637,4.36065,4.3813,12263.5
12.02.2020,RON,Day,4.38311,4.39843,4.37521,4.39415,14279.25
13.02.2020,RON,Day,4.39549,4.40233,4.38846,4.39997,10791.25
16.02.2020,RON,Day,4.39804,4.41526,4.39804,4.40454,6906.25
17.02.2020,RON,Day,4.40871,4.43292,4.40859,4.42325,14258.25
18.02.2020,RON,Day,4.42348,4.43229,4.41926,4.4198,13232.75
19.02.2020,RON,Day,4.42731,4.44671,4.42453,4.44295,12555.75
20.02.2020,RON,Day,4.44169,4.44929,4.41275,4.41664,14014.75
23.02.2020,RON,Day,4.43256,4.44563,4.42125,4.42533,21234.5
24.02.2020,RON,Day,4.42298,4.44025,4.41467,4.41635,24338.75
25.02.2020,RON,Day,4.42069,4.42888,4.40319,4.41622,24440.0
26.02.2020,RON,Day,4.40645,4.40666,4.36337,4.36435,31007.75
27.02.2020,RON,Day,4.36398,4.39386,4.35336,4.36132,41279.5
01.03.2020,RON,Day,4.35601,4.36161,4.29954,4.31746,38389.0
02.03.2020,RON,Day,4.31326,4.33326,4.28791,4.29981,39151.0
03.03.2020,RON,Day,4.31108,4.33055,4.29769,4.31299,28005.25
04.03.2020,RON,Day,4.31301,4.32012,4.27605,4.27872,20651.25
05.03.2020,RON,Day,4.28419,4.28719,4.23774,4.25435,45871.5
08.03.2020,RON,Day,4.2169,4.23574,4.18976,4.21412,56832.75
09.03.2020,RON,Day,4.24298,4.27549,4.22641,4.27166,90992.0
10.03.2020,RON,Day,4.24864,4.28149,4.24188,4.27522,61389.75
11.03.2020,RON,Day,4.26397,4.36261,4.25568,4.31068,88336.75
12.03.2020,RON,Day,4.30819,4.36291,4.29648,4.34167,38117.0
15.03.2020,RON,Day,4.32865,4.35825,4.29321,4.32585,26570.0
16.03.2020,RON,Day,4.32939,4.42458,4.32923,4.4104,49941.0
17.03.2020,RON,Day,4.39779,4.49437,4.39551,4.45391,79871.0
18.03.2020,RON,Day,4.43956,4.54704,4.43595,4.53374,94319.25
19.03.2020,RON,Day,4.50178,4.55666,4.47009,4.52727,72431.0
22.03.2020,RON,Day,4.52211,4.54521,4.47636,4.52077,54009.5
23.03.2020,RON,Day,4.4909,4.50049,4.44971,4.48131,28038.0
24.03.2020,RON,Day,4.47135,4.48238,4.43626,4.4404,35218.75
25.03.2020,RON,Day,4.43545,4.43545,4.36889,4.37883,21912.0
26.03.2020,RON,Day,4.37056,4.41316,4.33481,4.33481,20202.0
29.03.2020,RON,Day,4.3642,4.38515,4.35348,4.3704,50003.75
30.03.2020,RON,Day,4.38178,4.41671,4.37819,4.37823,50326.75
31.03.2020,RON,Day,4.38378,4.43268,4.38099,4.40572,35709.0
01.04.2020,RON,Day,4.40497,4.46597,4.4035,4.45007,50088.0
02.04.2020,RON,Day,4.45621,4.48192,4.45358,4.46329,14185.0
05.04.2020,RON,Day,4.45798,4.48473,4.45478,4.4741,10577.5
06.04.2020,RON,Day,4.46252,4.46367,4.41905,4.43576,8077.75
07.04.2020,RON,Day,4.44306,4.46017,4.43631,4.44991,9722.25
08.04.2020,RON,Day,4.44697,4.4563,4.41156,4.42104,8680.0
09.04.2020,RON,Day,4.41484,4.41526,4.40653,4.41249,952.0
12.04.2020,RON,Day,4.41198,4.43285,4.40196,4.42623,5153.0
13.04.2020,RON,Day,4.41436,4.4262,4.39647,4.39894,10848.0
14.04.2020,RON,Day,4.39889,4.45308,4.3986,4.42635,7938.0
15.04.2020,RON,Day,4.43841,4.47023,4.42859,4.4614,6727.0
16.04.2020,RON,Day,4.45027,4.47329,4.43776,4.44107,17709.0
19.04.2020,RON,Day,4.44616,4.45655,4.43735,4.44763,5777.0
20.04.2020,RON,Day,4.45943,4.46955,4.44588,4.45536,19716.75
21.04.2020,RON,Day,4.4556,4.48182,4.44458,4.47204,23048.5
22.04.2020,RON,Day,4.47111,4.50111,4.4614,4.49138,41895.0
23.04.2020,RON,Day,4.49395,4.51236,4.46491,4.46561,26483.0
26.04.2020,RON,Day,4.45643,4.47527,4.45239,4.46878,22216.0
27.04.2020,RON,Day,4.4722,4.47809,4.44789,4.47488,21898.75
28.04.2020,RON,Day,4.46214,4.46752,4.44833,4.45029,30552.0
29.04.2020,RON,Day,4.45397,4.46979,4.3978,4.41525,30204.25
30.04.2020,RON,Day,4.41472,4.42106,4.3886,4.39892,5777.0
03.05.2020,RON,Day,4.41473,4.43148,4.40973,4.42468,17767.25
04.05.2020,RON,Day,4.42252,4.45902,4.41853,4.44831,21798.0
05.05.2020,RON,Day,4.44969,4.47596,4.4475,4.46169,25646.0
06.05.2020,RON,Day,4.46752,4.48181,4.4533,4.45381,20400.75
07.05.2020,RON,Day,4.45002,4.46331,4.43874,4.44963,17112.0
10.05.2020,RON,Day,4.4456,4.46948,4.44442,4.46512,15764.5
11.05.2020,RON,Day,4.45693,4.46894,4.43694,4.45101,20914.25
12.05.2020,RON,Day,4.44878,4.47069,4.43581,4.46748,16618.5
13.05.2020,RON,Day,4.47414,4.48834,4.46817,4.47811,13898.75
14.05.2020,RON,Day,4.47658,4.48445,4.45909,4.4708,11093.0
17.05.2020,RON,Day,4.47255,4.47959,4.42834,4.43245,10790.5
18.05.2020,RON,Day,4.43297,4.43486,4.40991,4.43006,10664.5
19.05.2020,RON,Day,4.4231,4.42609,4.40026,4.40966,9773.0
20.05.2020,RON,Day,4.41834,4.42452,4.39689,4.41912,5946.0
21.05.2020,RON,Day,4.43035,4.44783,4.42641,4.43774,6011.0
24.05.2020,RON,Day,4.44534,4.45257,4.43495,4.44043,4240.0
25.05.2020,RON,Day,4.43231,4.43276,4.40289,4.4084,9886.0
26.05.2020,RON,Day,4.41837,4.42764,4.38993,4.39628,17235.0
27.05.2020,RON,Day,4.39222,4.40481,4.36473,4.36982,23157.5
28.05.2020,RON,Day,4.36525,4.36983,4.34611,4.35743,14943.0
31.05.2020,RON,Day,4.34715,4.36174,4.33764,4.34372,4282.25
01.06.2020,RON,Day,4.34488,4.3567,4.31892,4.32453,13073.75
02.06.2020,RON,Day,4.31017,4.32534,4.28428,4.29174,21670.5
03.06.2020,RON,Day,4.29992,4.3206,4.25541,4.26475,22240.0
04.06.2020,RON,Day,4.25952,4.28927,4.24776,4.28265,16518.0
07.06.2020,RON,Day,4.2839,4.28981,4.26673,4.27413,5262.0
08.06.2020,RON,Day,4.27719,4.30261,4.2504,4.25744,21025.0
09.06.2020,RON,Day,4.25163,4.27004,4.23187,4.24595,36760.75
10.06.2020,RON,Day,4.25336,4.28035,4.23984,4.27666,14371.0
11.06.2020,RON,Day,4.27639,4.31083,4.2634,4.28959,19783.0
14.06.2020,RON,Day,4.29539,4.30452,4.26512,4.26845,14186.75
15.06.2020,RON,Day,4.26148,4.30639,4.2569,4.29249,16263.0
16.06.2020,RON,Day,4.28533,4.31359,4.27842,4.29696,11192.0
17.06.2020,RON,Day,4.2935,4.32585,4.2935,4.31812,22411.75
18.06.2020,RON,Day,4.31505,4.33475,4.30189,4.32851,10927.0
21.06.2020,RON,Day,4.32052,4.32646,4.29138,4.29893,26932.0
22.06.2020,RON,Day,4.2972,4.30043,4.26752,4.27899,23007.5
23.06.2020,RON,Day,4.27689,4.30097,4.2727,4.30033,24200.5
24.06.2020,RON,Day,4.29916,4.32601,4.29912,4.3129,23061.75
25.06.2020,RON,Day,4.31162,4.32436,4.30573,4.31289,9483.0
28.06.2020,RON,Day,4.30132,4.31596,4.29024,4.30719,10257.75
29.06.2020,RON,Day,4.3107,4.32333,4.29287,4.3022,10259.0
30.06.2020,RON,Day,4.30515,4.32166,4.28608,4.30397,11547.5
01.07.2020,RON,Day,4.29205,4.30905,4.27427,4.2991,26725.75
02.07.2020,RON,Day,4.30317,4.31058,4.29248,4.29515,24341.5
05.07.2020,RON,Day,4.28063,4.286,4.26305,4.27687,23234.75
06.07.2020,RON,Day,4.27589,4.29651,4.27589,4.28957,35495.25
07.07.2020,RON,Day,4.288,4.29579,4.26306,4.27058,24205.5
08.07.2020,RON,Day,4.25281,4.28717,4.25162,4.28507,37397.5
09.07.2020,RON,Day,4.28967,4.29987,4.27396,4.28045,25625.5
12.07.2020,RON,Day,4.26948,4.28522,4.25677,4.2685,32725.5
13.07.2020,RON,Day,4.2687,4.27555,4.24428,4.24708,32757.0
14.07.2020,RON,Day,4.24959,4.2499,4.22898,4.24267,42623.0
15.07.2020,RON,Day,4.24734,4.25905,4.23232,4.25322,47120.75
16.07.2020,RON,Day,4.25358,4.25587,4.22299,4.22688,20235.99
19.07.2020,RON,Day,4.23136,4.24483,4.22154,4.22735,37299.5
20.07.2020,RON,Day,4.23388,4.23516,4.1938,4.1976,39981.0
21.07.2020,RON,Day,4.19325,4.20644,4.16609,4.17787,40598.5598
22.07.2020,RON,Day,4.17077,4.18867,4.15385,4.16667,36160.25
23.07.2020,RON,Day,4.16677,4.17278,4.13777,4.13777,32663.75
26.07.2020,RON,Day,4.126,4.13143,4.09824,4.10785,32128.25
27.07.2020,RON,Day,4.10995,4.1316,4.10918,4.12267,31608.0
28.07.2020,RON,Day,4.11925,4.12496,4.09307,4.09775,38767.75
29.07.2020,RON,Day,4.10791,4.11732,4.07379,4.07547,46321.25
30.07.2020,RON,Day,4.05927,4.10574,4.05575,4.09769,41860.75
02.08.2020,RON,Day,4.10391,4.13356,4.10028,4.10636,31797.5
03.08.2020,RON,Day,4.10425,4.12403,4.09257,4.09298,43668.5
04.08.2020,RON,Day,4.09061,4.09488,4.05994,4.07149,43667.25
05.08.2020,RON,Day,4.06405,4.09164,4.05573,4.07117,60235.5
06.08.2020,RON,Day,4.08458,4.11567,4.0812,4.10039,61393.25
09.08.2020,RON,Day,4.09667,4.11822,4.09577,4.11627,28872.25
10.08.2020,RON,Day,4.10989,4.12201,4.09307,4.11499,52140.54
11.08.2020,RON,Day,4.12247,4.12376,4.08887,4.10087,46806.52
12.08.2020,RON,Day,4.08837,4.09732,4.07432,4.0897,39806.8999
13.08.2020,RON,Day,4.08786,4.10361,4.07647,4.07807,41330.0
16.08.2020,RON,Day,4.07397,4.08533,4.06743,4.06954,29924.0
17.08.2020,RON,Day,4.06195,4.06694,4.04066,4.05265,45996.25
18.08.2020,RON,Day,4.05075,4.09168,4.04742,4.08901,25879.75
19.08.2020,RON,Day,4.08932,4.0993,4.07783,4.07884,44907.5
20.08.2020,RON,Day,4.07401,4.11878,4.06928,4.09931,42676.0
23.08.2020,RON,Day,4.10621,4.10621,4.08306,4.10427,33686.5
24.08.2020,RON,Day,4.09793,4.1023,4.08568,4.08784,41078.15
25.08.2020,RON,Day,4.09537,4.11106,4.0878,4.09047,46598.0901
26.08.2020,RON,Day,4.08937,4.11422,4.06649,4.09147,68931.07029999999
27.08.2020,RON,Day,4.07527,4.07937,4.05831,4.05981,52615.0
30.08.2020,RON,Day,4.06489,4.07077,4.04237,4.05187,44147.75
31.08.2020,RON,Day,4.03497,4.06617,4.02818,4.06247,57482.5
01.09.2020,RON,Day,4.06477,4.09642,4.06037,4.083,36886.97
02.09.2020,RON,Day,4.10008,4.10816,4.08427,4.08855,46132.29
03.09.2020,RON,Day,4.09107,4.11928,4.0834,4.09613,46065.75
06.09.2020,RON,Day,4.10335,4.10938,4.09634,4.10641,23141.5
07.09.2020,RON,Day,4.10891,4.12829,4.09892,4.12367,52182.25
08.09.2020,RON,Day,4.12152,4.13347,4.10457,4.11367,56668.0
09.09.2020,RON,Day,4.10537,4.11247,4.0757,4.11057,65358.6904
10.09.2020,RON,Day,4.10257,4.10627,4.08873,4.09597,38558.1699
13.09.2020,RON,Day,4.09837,4.09917,4.08449,4.09118,30829.5
14.09.2020,RON,Day,4.07988,4.10233,4.07926,4.09937,37608.0
15.09.2020,RON,Day,4.09727,4.12148,4.08854,4.11016,52794.75
16.09.2020,RON,Day,4.12703,4.13273,4.09882,4.09984,61795.29
17.09.2020,RON,Day,4.09836,4.10667,4.0914,4.09457,31313.5
20.09.2020,RON,Day,4.09117,4.1412,4.08957,4.12567,51146.25
21.09.2020,RON,Day,4.13075,4.15697,4.1287,4.15068,52922.1401
22.09.2020,RON,Day,4.16036,4.17937,4.15045,4.17537,48493.3899
23.09.2020,RON,Day,4.17757,4.19311,4.17217,4.17857,45562.29
24.09.2020,RON,Day,4.17778,4.1986,4.17163,4.18005,41556.6495
27.09.2020,RON,Day,4.18687,4.1948,4.17222,4.17447,33586.119999999995
28.09.2020,RON,Day,4.17337,4.17597,4.14307,4.14443,42410.75
29.09.2020,RON,Day,4.14667,4.17021,4.14503,4.15647,51366.3901
30.09.2020,RON,Day,4.14928,4.15682,4.14012,4.14787,56378.3501
01.10.2020,RON,Day,4.16057,4.16267,4.14837,4.15053,52101.3496
04.10.2020,RON,Day,4.14677,4.15034,4.13096,4.13555,29142.29
05.10.2020,RON,Day,4.13468,4.1531,4.12839,4.15177,32092.25
06.10.2020,RON,Day,4.15407,4.15414,4.13651,4.14097,33717.5
07.10.2020,RON,Day,4.13874,4.15357,4.13538,4.14017,29059.25
08.10.2020,RON,Day,4.13427,4.13923,4.11276,4.11337,30304.5
11.10.2020,RON,Day,4.1185,4.13326,4.11673,4.12267,22901.5
12.10.2020,RON,Day,4.12757,4.15543,4.12697,4.14862,32169.75
13.10.2020,RON,Day,4.15109,4.15744,4.14001,4.1494,32110.83
14.10.2020,RON,Day,4.14729,4.17004,4.14627,4.16281,42161.05
15.10.2020,RON,Day,4.16424,4.16865,4.15052,4.15673,29295.75
18.10.2020,RON,Day,4.16499,4.16622,4.13307,4.14097,28459.75
19.10.2020,RON,Day,4.13869,4.14437,4.11687,4.12164,29535.5
20.10.2020,RON,Day,4.11483,4.11627,4.10167,4.10827,29118.75
21.10.2020,RON,Day,4.11302,4.12533,4.10657,4.12254,25826.25
22.10.2020,RON,Day,4.12962,4.13257,4.10224,4.10224,21958.75
25.10.2020,RON,Day,4.11451,4.12759,4.1114,4.12437,25982.5
26.10.2020,RON,Day,4.1187,4.13194,4.11626,4.13097,23751.5
27.10.2020,RON,Day,4.13889,4.16068,4.13566,4.14997,35569.25
28.10.2020,RON,Day,4.14867,4.18287,4.14576,4.17337,38643.25
29.10.2020,RON,Day,4.17278,4.18017,4.15172,4.17179,37147.0
01.11.2020,RON,Day,4.17857,4.18593,4.17354,4.17803,23950.75
02.11.2020,RON,Day,4.1734,4.17341,4.14247,4.14859,22560.0
03.11.2020,RON,Day,4.17244,4.18363,4.14297,4.14817,48630.75
04.11.2020,RON,Day,4.14267,4.14777,4.10077,4.11097,51612.5
05.11.2020,RON,Day,4.11478,4.11497,4.09122,4.09412,35371.25
08.11.2020,RON,Day,4.0913,4.12202,4.07947,4.11437,66021.0
09.11.2020,RON,Day,4.11063,4.13037,4.10585,4.1166,43495.25
10.11.2020,RON,Day,4.11755,4.14284,4.11358,4.13037,28832.5
11.11.2020,RON,Day,4.1363,4.13772,4.11707,4.12047,27257.0
12.11.2020,RON,Day,4.12149,4.12395,4.11016,4.11016,21543.0
15.11.2020,RON,Day,4.10771,4.12379,4.10149,4.10837,30113.75
16.11.2020,RON,Day,4.10753,4.11323,4.09612,4.10597,25671.75
17.11.2020,RON,Day,4.10409,4.11198,4.09706,4.11007,24155.75
18.11.2020,RON,Day,4.11231,4.12368,4.10103,4.10137,24822.5
19.11.2020,RON,Day,4.09842,4.11145,4.09816,4.09992,20853.0
22.11.2020,RON,Day,4.09908,4.12941,4.09291,4.11447,30850.75
23.11.2020,RON,Day,4.10975,4.11405,4.09395,4.09395,29415.25
24.11.2020,RON,Day,4.09527,4.1007,4.08321,4.08707,29908.5
25.11.2020,RON,Day,4.07985,4.09979,4.07907,4.08907,19251.75
26.11.2020,RON,Day,4.08557,4.08997,4.06807,4.06877,29846.5
29.11.2020,RON,Day,4.07101,4.08592,4.05692,4.08485,20943.25
30.11.2020,RON,Day,4.07396,4.07489,4.03143,4.03259,20191.75
01.12.2020,RON,Day,4.03114,4.04557,4.01828,4.01927,39608.75
02.12.2020,RON,Day,4.01787,4.02618,4.00163,4.00997,35343.5
03.12.2020,RON,Day,4.00738,4.01993,4.00007,4.01347,36614.5
06.12.2020,RON,Day,4.01307,4.03357,4.00456,4.02208,42419.5
07.12.2020,RON,Day,4.01966,4.02915,4.01466,4.02227,37506.2598
08.12.2020,RON,Day,4.00877,4.03477,4.00797,4.02627,31782.25
09.12.2020,RON,Day,4.02077,4.02959,4.00387,4.00847,47601.5
10.12.2020,RON,Day,4.00047,4.02219,4.00017,4.01287,36349.75
13.12.2020,RON,Day,4.00827,4.01437,3.99917,4.00497,27435.5
14.12.2020,RON,Day,4.00327,4.01567,3.99947,4.00427,25412.75
15.12.2020,RON,Day,4.00148,4.015,3.98621,3.98937,37214.0
16.12.2020,RON,Day,3.97713,3.98328,3.96482,3.96657,32660.5
17.12.2020,RON,Day,3.97277,3.98047,3.96407,3.96497,25426.0
20.12.2020,RON,Day,3.99167,4.01207,3.96667,3.97007,33361.0
21.12.2020,RON,Day,3.97767,4.00487,3.96745,3.99937,23198.5
22.12.2020,RON,Day,3.99247,4.00477,3.98567,3.99557,22261.75
23.12.2020,RON,Day,3.98777,4.00027,3.98697,3.99617,13075.75
27.12.2020,RON,Day,3.98097,3.99727,3.97667,3.98927,17272.5
28.12.2020,RON,Day,3.98107,3.98297,3.97057,3.97787,15967.75
29.12.2020,RON,Day,3.96857,3.97787,3.95227,3.95537,21394.25
30.12.2020,RON,Day,3.95844,3.98427,3.95453,3.98217,19701.25
03.01.2021,RON,Day,3.96927,3.97767,3.95507,3.97337,41308.25
04.01.2021,RON,Day,3.96853,3.97514,3.95657,3.95767,42454.0
05.01.2021,RON,Day,3.95547,3.97,3.94247,3.94759,55534.5
06.01.2021,RON,Day,3.95233,3.97617,3.95027,3.96587,55655.8501
07.01.2021,RON,Day,3.96257,3.99257,3.96097,3.97677,61249.25
10.01.2021,RON,Day,3.99057,4.01378,3.98907,4.00687,42258.25
11.01.2021,RON,Day,4.00657,4.01327,3.98947,3.98987,46881.5
12.01.2021,RON,Day,3.98752,4.01198,3.98494,4.00587,45065.0
13.01.2021,RON,Day,4.00853,4.02317,4.00017,4.00697,54089.75
14.01.2021,RON,Day,4.01307,4.03621,4.01037,4.03267,47551.25
17.01.2021,RON,Day,4.03593,4.04281,4.03256,4.03367,28028.75
18.01.2021,RON,Day,4.02888,4.03207,4.01299,4.01687,40515.25
19.01.2021,RON,Day,4.01192,4.0354,4.0072,4.02437,45242.25
20.01.2021,RON,Day,4.01573,4.02174,4.00327,4.00457,48914.25
21.01.2021,RON,Day,4.00532,4.01144,3.99857,4.00027,42029.75
24.01.2021,RON,Day,4.00252,4.02228,4.00005,4.01277,48578.0
25.01.2021,RON,Day,4.01736,4.02443,4.00353,4.00807,45950.75
26.01.2021,RON,Day,4.00791,4.04397,4.00733,4.02577,72377.5
27.01.2021,RON,Day,4.0301,4.03605,4.01548,4.02147,61199.5
28.01.2021,RON,Day,4.02982,4.03062,4.00857,4.00937,64275.0
31.01.2021,RON,Day,4.01747,4.04338,4.01717,4.04147,49275.0
01.02.2021,RON,Day,4.03838,4.05217,4.0306,4.04107,39657.75
02.02.2021,RON,Day,4.04182,4.05968,4.04142,4.04847,36899.25
03.02.2021,RON,Day,4.05482,4.07607,4.05371,4.07367,37449.75
04.02.2021,RON,Day,4.07347,4.07497,4.03967,4.04007,43226.75
07.02.2021,RON,Day,4.04883,4.05486,4.03931,4.04347,35880.75
08.02.2021,RON,Day,4.03487,4.03897,4.02047,4.02127,43302.25
09.02.2021,RON,Day,4.02017,4.0238,4.01347,4.02117,38805.25
10.02.2021,RON,Day,4.01874,4.02164,4.01138,4.01787,24511.25
11.02.2021,RON,Day,4.01946,4.03452,4.01707,4.01717,28589.75
14.02.2021,RON,Day,4.0153,4.02119,4.01305,4.01737,20752.5
15.02.2021,RON,Day,4.01511,4.03021,4.00566,4.02527,38722.0
16.02.2021,RON,Day,4.03161,4.05381,4.03119,4.04737,41944.0
17.02.2021,RON,Day,4.04594,4.04939,4.02977,4.03057,37077.0
18.02.2021,RON,Day,4.02887,4.03137,4.01336,4.02127,32672.0
21.02.2021,RON,Day,4.02187,4.03167,4.00583,4.00907,37704.75
22.02.2021,RON,Day,4.00671,4.0171,4.00246,4.00937,33612.5
23.02.2021,RON,Day,4.01089,4.02438,4.00214,4.00307,44502.5
24.02.2021,RON,Day,4.00073,4.00838,3.98027,4.00247,73048.5
25.02.2021,RON,Day,4.00901,4.04081,4.0081,4.03297,65682.5
28.02.2021,RON,Day,4.03284,4.0532,4.0299,4.04467,40092.25
01.03.2021,RON,Day,4.05348,4.06579,4.03086,4.03127,45506.0
02.03.2021,RON,Day,4.03577,4.04935,4.02489,4.04117,51818.75
03.03.2021,RON,Day,4.04137,4.07857,4.04077,4.07507,49233.5
04.03.2021,RON,Day,4.08027,4.10253,4.07852,4.09467,61468.75
07.03.2021,RON,Day,4.09861,4.12501,4.09854,4.12307,43050.0
08.03.2021,RON,Day,4.1195,4.12289,4.09858,4.10307,43043.0
09.03.2021,RON,Day,4.1154,4.11581,4.09447,4.09467,38849.5
10.03.2021,RON,Day,4.09687,4.09759,4.07137,4.07167,34794.25
11.03.2021,RON,Day,4.08484,4.1009,4.07917,4.08047,35194.0
14.03.2021,RON,Day,4.09057,4.10045,4.08977,4.09287,27456.25
15.03.2021,RON,Day,4.09087,4.11077,4.08697,4.10297,39272.5
16.03.2021,RON,Day,4.10368,4.10995,4.07534,4.07717,39323.75
17.03.2021,RON,Day,4.08251,4.10244,4.07479,4.09867,52652.0
18.03.2021,RON,Day,4.10028,4.11207,4.09117,4.09837,36022.75
21.03.2021,RON,Day,4.10127,4.11147,4.0913,4.09587,34513.75
22.03.2021,RON,Day,4.09943,4.12707,4.09639,4.12427,31367.75
23.03.2021,RON,Day,4.12687,4.13827,4.12517,4.13527,29625.75
24.03.2021,RON,Day,4.13135,4.15295,4.13118,4.15127,32336.6399
25.03.2021,RON,Day,4.14418,4.15129,4.13657,4.13687,23481.5
28.03.2021,RON,Day,4.14581,4.17535,4.1445,4.17057,27246.4
29.03.2021,RON,Day,4.16907,4.20206,4.16847,4.19892,28901.25
30.03.2021,RON,Day,4.2017,4.20258,4.18071,4.19069,25961.0
31.03.2021,RON,Day,4.19468,4.19716,4.16734,4.16734,22970.0
01.04.2021,RON,Day,4.16741,4.18087,4.16433,4.17807,6854.75
04.04.2021,RON,Day,4.17717,4.1875,4.15552,4.15743,13174.0
05.04.2021,RON,Day,4.15926,4.16717,4.12997,4.13657,29082.21
06.04.2021,RON,Day,4.13797,4.14567,4.12747,4.14097,32705.5
07.04.2021,RON,Day,4.13987,4.14966,4.12517,4.12837,23125.0
08.04.2021,RON,Day,4.13468,4.14497,4.12797,4.12827,25520.25
11.04.2021,RON,Day,4.13717,4.14437,4.12717,4.12987,25321.0
12.04.2021,RON,Day,4.13747,4.14227,4.11577,4.11747,37466.25
13.04.2021,RON,Day,4.11177,4.1209,4.10883,4.10987,28218.5
14.04.2021,RON,Day,4.11328,4.11919,4.10553,4.11357,29615.0
15.04.2021,RON,Day,4.1159,4.11881,4.10567,4.10647,25854.25
18.04.2021,RON,Day,4.11537,4.11612,4.08772,4.08947,30113.25
19.04.2021,RON,Day,4.08237,4.0978,4.07817,4.09257,27911.5
20.04.2021,RON,Day,4.09419,4.1048,4.08757,4.09117,24397.5
21.04.2021,RON,Day,4.09197,4.10633,4.08047,4.09827,36845.0
22.04.2021,RON,Day,4.09498,4.09678,4.06317,4.06337,24079.5
25.04.2021,RON,Day,4.06414,4.08087,4.06137,4.07227,20177.25
26.04.2021,RON,Day,4.07687,4.08466,4.07192,4.07457,27194.25
27.04.2021,RON,Day,4.08123,4.08657,4.05937,4.06057,32467.25
28.04.2021,RON,Day,4.05917,4.06877,4.05487,4.06097,27282.25
29.04.2021,RON,Day,4.06473,4.09926,4.06393,4.09641,27032.25
02.05.2021,RON,Day,4.09517,4.0994,4.07908,4.08317,12501.25
03.05.2021,RON,Day,4.09037,4.10509,4.08916,4.09957,33021.0
04.05.2021,RON,Day,4.09965,4.11043,4.09766,4.10177,31934.5
05.05.2021,RON,Day,4.09983,4.10146,4.07923,4.08137,31091.75
06.05.2021,RON,Day,4.08194,4.08617,4.04559,4.04637,49296.0
09.05.2021,RON,Day,4.04987,4.06141,4.04397,4.06039,34128.0
10.05.2021,RON,Day,4.05587,4.06281,4.04347,4.05407,41107.25
11.05.2021,RON,Day,4.06122,4.08356,4.05313,4.07897,50510.0
12.05.2021,RON,Day,4.07877,4.0879,4.06897,4.07617,44030.75
13.05.2021,RON,Day,4.07489,4.07489,4.04717,4.04757,37504.0
16.05.2021,RON,Day,4.05977,4.05989,4.04732,4.05067,28118.0
17.05.2021,RON,Day,4.04751,4.04863,4.02653,4.02857,27901.5
18.05.2021,RON,Day,4.0253,4.05142,4.02174,4.04437,44629.25
19.05.2021,RON,Day,4.04386,4.04528,4.02797,4.02847,28816.75
20.05.2021,RON,Day,4.02625,4.05057,4.02485,4.04237,38507.75
23.05.2021,RON,Day,4.04087,4.0452,4.0274,4.03017,24907.25
24.05.2021,RON,Day,4.02607,4.02907,4.01434,4.01817,35384.75
25.05.2021,RON,Day,4.01407,4.03484,4.01397,4.02987,27850.0
26.05.2021,RON,Day,4.03047,4.03647,4.02417,4.03005,32139.0
27.05.2021,RON,Day,4.03536,4.05424,4.02807,4.02877,33799.24
30.05.2021,RON,Day,4.02997,4.03684,4.01727,4.01917,15869.0
31.05.2021,RON,Day,4.02177,4.02873,4.01415,4.02747,16881.87
01.06.2021,RON,Day,4.02391,4.04487,4.02315,4.02907,27237.5
02.06.2021,RON,Day,4.03263,4.06126,4.0313,4.05747,36064.75
03.06.2021,RON,Day,4.06312,4.06665,4.03896,4.04397,34326.25
06.06.2021,RON,Day,4.04617,4.05242,4.03408,4.03707,21930.25
07.06.2021,RON,Day,4.04034,4.04567,4.03721,4.04277,25746.75
08.06.2021,RON,Day,4.04098,4.04275,4.02839,4.03947,19915.75
09.06.2021,RON,Day,4.04347,4.05197,4.03507,4.03957,36446.0
10.06.2021,RON,Day,4.03597,4.06553,4.03397,4.05517,22776.25
13.06.2021,RON,Day,4.05897,4.06594,4.05554,4.05947,18116.75
14.06.2021,RON,Day,4.05804,4.06737,4.05149,4.05887,25223.75
15.06.2021,RON,Day,4.05819,4.10434,4.0574,4.10355,48765.5
16.06.2021,RON,Day,4.10318,4.14026,4.10027,4.13377,56229.0
17.06.2021,RON,Day,4.13838,4.15762,4.12964,4.14667,58964.25
20.06.2021,RON,Day,4.15127,4.15623,4.1297,4.13057,30417.25
21.06.2021,RON,Day,4.13832,4.14477,4.12042,4.12287,35268.75
22.06.2021,RON,Day,4.13238,4.13451,4.11387,4.12817,33706.5
23.06.2021,RON,Day,4.1283,4.13102,4.11747,4.12537,28776.5
24.06.2021,RON,Day,4.12339,4.13218,4.11508,4.12517,28366.75
27.06.2021,RON,Day,4.12907,4.13869,4.12318,4.13057,27771.0
28.06.2021,RON,Day,4.13428,4.14826,4.13122,4.14027,30461.5
29.06.2021,RON,Day,4.13827,4.15857,4.13702,4.15327,30994.25
30.06.2021,RON,Day,4.15427,4.16177,4.14517,4.15607,37872.0
01.07.2021,RON,Day,4.15738,4.17307,4.14897,4.14977,37953.25
04.07.2021,RON,Day,4.15481,4.15601,4.14599,4.15007,21095.75
05.07.2021,RON,Day,4.14377,4.17137,4.13987,4.16447,41700.75
06.07.2021,RON,Day,4.16484,4.18179,4.16147,4.17777,38454.5
07.07.2021,RON,Day,4.17579,4.17756,4.15155,4.15857,56995.75
08.07.2021,RON,Day,4.16395,4.16877,4.14497,4.14537,32541.75
11.07.2021,RON,Day,4.14997,4.16262,4.14674,4.15287,27330.75
12.07.2021,RON,Day,4.15207,4.18543,4.15081,4.18347,32974.25
13.07.2021,RON,Day,4.18061,4.18418,4.16137,4.16187,35925.25
14.07.2021,RON,Day,4.16127,4.17775,4.1584,4.17047,33553.5
15.07.2021,RON,Day,4.17263,4.17863,4.16687,4.17167,31244.25
18.07.2021,RON,Day,4.17197,4.18736,4.16575,4.17407,42046.0
19.07.2021,RON,Day,4.17988,4.18932,4.17212,4.17787,41696.5
20.07.2021,RON,Day,4.18204,4.19096,4.17095,4.17317,33295.0
21.07.2021,RON,Day,4.17343,4.18621,4.16055,4.18057,44242.5
22.07.2021,RON,Day,4.18089,4.18677,4.17529,4.17687,24887.0
25.07.2021,RON,Day,4.17667,4.18137,4.15897,4.16177,23955.25
26.07.2021,RON,Day,4.16467,4.17807,4.15137,4.15937,28545.5
27.07.2021,RON,Day,4.15947,4.17873,4.14957,4.15197,34021.25
28.07.2021,RON,Day,4.14687,4.15106,4.13237,4.13606,23844.0
29.07.2021,RON,Day,4.13967,4.14733,4.13147,4.13546,28001.0
01.08.2021,RON,Day,4.13707,4.14403,4.13223,4.14117,18643.25
02.08.2021,RON,Day,4.13823,4.14809,4.13375,4.14337,23229.25
03.08.2021,RON,Day,4.13893,4.15568,4.13207,4.15277,30822.0
04.08.2021,RON,Day,4.15277,4.15607,4.14347,4.14967,29606.75
05.08.2021,RON,Day,4.15287,4.17848,4.15237,4.17527,32408.0
08.08.2021,RON,Day,4.17317,4.18609,4.17167,4.18547,24689.75
09.08.2021,RON,Day,4.18307,4.19723,4.18237,4.19107,21834.25
10.08.2021,RON,Day,4.19047,4.19815,4.17959,4.18407,27386.75
11.08.2021,RON,Day,4.18317,4.18955,4.18077,4.18447,20477.75
12.08.2021,RON,Day,4.17487,4.18679,4.15607,4.15677,17496.75
15.08.2021,RON,Day,4.16247,4.17609,4.15617,4.17217,18574.0
16.08.2021,RON,Day,4.17567,4.206,4.17438,4.20377,24649.0
17.08.2021,RON,Day,4.2031,4.21097,4.19161,4.20157,23273.0
18.08.2021,RON,Day,4.21547,4.22216,4.20507,4.22137,23153.5
19.08.2021,RON,Day,4.21827,4.22999,4.214,4.21608,19667.0
22.08.2021,RON,Day,4.20707,4.21306,4.19285,4.19387,16807.0
23.08.2021,RON,Day,4.19657,4.20161,4.18922,4.19097,17948.0
24.08.2021,RON,Day,4.19698,4.20264,4.18363,4.18437,22897.25
25.08.2021,RON,Day,4.18717,4.19903,4.18597,4.19637,28384.25
26.08.2021,RON,Day,4.19247,4.20537,4.17967,4.18037,29130.4399
29.08.2021,RON,Day,4.18037,4.1877,4.17883,4.1824,16994.0
30.08.2021,RON,Day,4.17435,4.18202,4.16587,4.17677,30603.5
31.08.2021,RON,Day,4.17987,4.18277,4.16137,4.16687,29719.0
01.09.2021,RON,Day,4.16726,4.17162,4.15616,4.15644,16845.25
02.09.2021,RON,Day,4.15563,4.16781,4.15148,4.15873,23586.0
05.09.2021,RON,Day,4.16669,4.17191,4.16663,4.16687,12627.75
06.09.2021,RON,Day,4.1644,4.18119,4.16374,4.1783,28970.75
07.09.2021,RON,Day,4.17921,4.19167,4.17687,4.18307,28694.75
08.09.2021,RON,Day,4.18377,4.18797,4.17483,4.17857,24680.5
09.09.2021,RON,Day,4.17677,4.18357,4.17046,4.18267,23059.5
12.09.2021,RON,Day,4.18847,4.20048,4.18647,4.18647,22582.75
13.09.2021,RON,Day,4.18667,4.19332,4.17673,4.19087,28998.25
14.09.2021,RON,Day,4.19111,4.19248,4.18147,4.18537,20776.25
15.09.2021,RON,Day,4.18827,4.21027,4.18827,4.20227,20780.8
16.09.2021,RON,Day,4.20177,4.21957,4.19717,4.2181,18444.75
19.09.2021,RON,Day,4.21987,4.22837,4.21557,4.21867,19714.25
20.09.2021,RON,Day,4.21547,4.22247,4.20767,4.21315,62491.0
21.09.2021,RON,Day,4.21527,4.23527,4.20967,4.23417,25499.5
22.09.2021,RON,Day,4.22597,4.22767,4.21177,4.21577,22536.75
23.09.2021,RON,Day,4.21527,4.22957,4.21377,4.21747,18090.5
26.09.2021,RON,Day,4.21377,4.23447,4.21357,4.22957,23161.25
27.09.2021,RON,Day,4.22837,4.24167,4.22777,4.23527,31186.75
28.09.2021,RON,Day,4.23467,4.26651,4.23357,4.26257,28629.5
29.09.2021,RON,Day,4.26117,4.27997,4.25977,4.27197,33481.25
30.09.2021,RON,Day,4.27257,4.27457,4.25867,4.25937,29266.25
03.10.2021,RON,Day,4.25897,4.26397,4.24967,4.25737,20335.75
04.10.2021,RON,Day,4.26637,4.27067,4.25407,4.25937,21369.0
05.10.2021,RON,Day,4.26467,4.29057,4.26457,4.27707,25827.75
06.10.2021,RON,Day,4.27637,4.28327,4.26957,4.28107,19061.0
07.10.2021,RON,Day,4.28107,4.28597,4.26977,4.27337,21134.0
10.10.2021,RON,Day,4.27337,4.28427,4.26937,4.28357,12408.25
11.10.2021,RON,Day,4.27887,4.29445,4.27697,4.29177,18616.75
12.10.2021,RON,Day,4.28397,4.28867,4.26637,4.26657,24279.5
13.10.2021,RON,Day,4.26947,4.27177,4.25947,4.26647,16900.75
14.10.2021,RON,Day,4.26217,4.26947,4.25657,4.26147,19793.75
17.10.2021,RON,Day,4.26837,4.27377,4.25617,4.26017,20526.6202
18.10.2021,RON,Day,4.24617,4.25437,4.24017,4.25157,20712.5701
19.10.2021,RON,Day,4.24607,4.25867,4.23967,4.24187,20378.03
20.10.2021,RON,Day,4.24427,4.25567,4.24077,4.25357,21609.8298
21.10.2021,RON,Day,4.25227,4.25547,4.24317,4.24327,23313.1899
24.10.2021,RON,Day,4.24197,4.26717,4.23977,4.25997,19833.75
25.10.2021,RON,Day,4.26297,4.26917,4.25457,4.26377,20023.34
26.10.2021,RON,Day,4.26237,4.27067,4.25457,4.26357,26932.0
27.10.2021,RON,Day,4.26277,4.27277,4.23167,4.23497,36852.62
28.10.2021,RON,Day,4.23857,4.28947,4.23757,4.27697,31285.2099
31.10.2021,RON,Day,4.27877,4.28547,4.26157,4.26277,20444.0
01.11.2021,RON,Day,4.26317,4.27578,4.26007,4.27377,19977.8
02.11.2021,RON,Day,4.27187,4.27947,4.25917,4.26087,30007.2998
03.11.2021,RON,Day,4.26907,4.29247,4.26857,4.28217,26628.0799
04.11.2021,RON,Day,4.28167,4.29797,4.27037,4.27087,28345.1299
07.11.2021,RON,Day,4.27827,4.28357,4.26677,4.26817,22853.8399
08.11.2021,RON,Day,4.26257,4.27607,4.26257,4.26737,24961.3003
09.11.2021,RON,Day,4.27297,4.31077,4.27167,4.30937,36092.03999999999
10.11.2021,RON,Day,4.30827,4.32067,4.30717,4.31627,20745.98
11.11.2021,RON,Day,4.32077,4.32687,4.31247,4.32037,21002.1
14.11.2021,RON,Day,4.31757,4.35717,4.31537,4.35247,24156.84
15.11.2021,RON,Day,4.34887,4.37457,4.34647,4.36897,25981.8201
16.11.2021,RON,Day,4.37737,4.38177,4.36627,4.37067,25653.5699
17.11.2021,RON,Day,4.37067,4.37277,4.34987,4.35097,24168.1101
18.11.2021,RON,Day,4.35787,4.39847,4.35497,4.38417,35564.9098
21.11.2021,RON,Day,4.38897,4.406,4.38247,4.40227,30940.99
22.11.2021,RON,Day,4.40377,4.40527,4.38907,4.39797,32641.3701
23.11.2021,RON,Day,4.40027,4.42337,4.39587,4.41677,32901.899999999994
24.11.2021,RON,Day,4.41197,4.41517,4.40627,4.41347,18065.0
25.11.2021,RON,Day,4.40787,4.40839,4.36167,4.36757,44050.61039999999
28.11.2021,RON,Day,4.38537,4.39557,4.38067,4.38197,30147.5
29.11.2021,RON,Day,4.37537,4.40257,4.34757,4.35957,47797.75
30.11.2021,RON,Day,4.36597,4.37647,4.35327,4.36817,37871.25
01.12.2021,RON,Day,4.36797,4.38117,4.36017,4.37847,29770.75
02.12.2021,RON,Day,4.37987,4.39187,4.36567,4.37247,36667.0
05.12.2021,RON,Day,4.38417,4.39065,4.37307,4.38207,21777.0
06.12.2021,RON,Day,4.37847,4.40637,4.37767,4.38797,24056.25
07.12.2021,RON,Day,4.38027,4.39137,4.35707,4.36157,28460.25
08.12.2021,RON,Day,4.36537,4.38677,4.36467,4.38087,21386.5
09.12.2021,RON,Day,4.37897,4.39237,4.36837,4.36937,24331.5
12.12.2021,RON,Day,4.38277,4.39457,4.37627,4.38477,20864.5
13.12.2021,RON,Day,4.38527,4.39707,4.36987,4.39457,21358.0
14.12.2021,RON,Day,4.38987,4.40897,4.37887,4.38187,30990.0
15.12.2021,RON,Day,4.38297,4.38317,4.35607,4.36707,31688.5
16.12.2021,RON,Day,4.36257,4.40351,4.36257,4.40177,24588.0
19.12.2021,RON,Day,4.39757,4.39911,4.37697,4.38757,25745.7101
20.12.2021,RON,Day,4.38557,4.39427,4.37777,4.38287,23309.4
21.12.2021,RON,Day,4.38657,4.39227,4.36307,4.36847,21919.9499
22.12.2021,RON,Day,4.36458,4.38337,4.36307,4.36657,19652.8999
23.12.2021,RON,Day,4.36707,4.37707,4.36127,4.36427,35763.5
26.12.2021,RON,Day,4.37137,4.37777,4.36547,4.36767,14279.75
27.12.2021,RON,Day,4.36817,4.38337,4.36587,4.37467,13235.7499
28.12.2021,RON,Day,4.37657,4.38957,4.35317,4.35967,21752.5198
29.12.2021,RON,Day,4.37137,4.37977,4.36127,4.36847,18307.3501
30.12.2021,RON,Day,4.37387,4.37777,4.34287,4.34357,17777.260000000002
02.01.2022,RON,Day,4.35897,4.38567,4.35217,4.37937,20513.25
03.01.2022,RON,Day,4.37887,4.38857,4.36767,4.38137,25845.5
04.01.2022,RON,Day,4.37727,4.37927,4.35707,4.36807,26376.75
05.01.2022,RON,Day,4.37207,4.38227,4.36047,4.37197,29370.0
06.01.2022,RON,Day,4.37177,4.37797,4.34307,4.34307,25806.75
09.01.2022,RON,Day,4.35767,4.38097,4.35647,4.36447,25471.75
10.01.2022,RON,Day,4.35887,4.37007,4.34657,4.34897,23784.75
11.01.2022,RON,Day,4.34567,4.35417,4.31507,4.31837,26166.0
12.01.2022,RON,Day,4.31857,4.32067,4.30447,4.31427,27729.5
13.01.2022,RON,Day,4.30557,4.33597,4.30497,4.32757,29011.25
16.01.2022,RON,Day,4.32917,4.33907,4.32237,4.33157,14917.25
17.01.2022,RON,Day,4.33567,4.36837,4.33317,4.36327,32885.75
18.01.2022,RON,Day,4.36086,4.36317,4.35327,4.35817,23994.25
19.01.2022,RON,Day,4.35517,4.37357,4.34867,4.37017,21706.75
20.01.2022,RON,Day,4.36367,4.36637,4.35237,4.35357,21866.5
23.01.2022,RON,Day,4.36847,4.37767,4.35687,4.35787,35958.04
24.01.2022,RON,Day,4.36707,4.38957,4.36537,4.37367,28779.0597
25.01.2022,RON,Day,4.37187,4.39892,4.37147,4.39607,39370.6296
26.01.2022,RON,Day,4.40457,4.44297,4.40387,4.43597,38227.35
27.01.2022,RON,Day,4.43367,4.44657,4.42567,4.43317,35787.4296
30.01.2022,RON,Day,4.42927,4.43783,4.39327,4.39917,28983.749899999995
31.01.2022,RON,Day,4.39827,4.40187,4.38407,4.38667,33655.7497
01.02.2022,RON,Day,4.38667,4.38842,4.36437,4.37277,29313.1599
02.02.2022,RON,Day,4.37587,4.38877,4.31837,4.32147,53057.02910000001
03.02.2022,RON,Day,4.31387,4.33387,4.30677,4.31537,47837.060300000005
06.02.2022,RON,Day,4.32407,4.33157,4.31537,4.32007,31319.2395
07.02.2022,RON,Day,4.32807,4.33887,4.32397,4.32947,28967.880000000005
08.02.2022,RON,Day,4.32767,4.33567,4.31667,4.32367,27062.410300000003
09.02.2022,RON,Day,4.32687,4.34607,4.29837,4.32367,51704.07999999999
10.02.2022,RON,Day,4.34127,4.36557,4.33047,4.35197,52568.759900000005
13.02.2022,RON,Day,4.35627,4.38137,4.35617,4.36977,46651.4996
14.02.2022,RON,Day,4.36858,4.37077,4.34177,4.34457,39236.7003
15.02.2022,RON,Day,4.34457,4.35217,4.33357,4.34177,36010.2002
16.02.2022,RON,Day,4.34267,4.35807,4.34127,4.34737,39957.300200000005
17.02.2022,RON,Day,4.34507,4.36987,4.34347,4.36517,30803.7001
20.02.2022,RON,Day,4.34707,4.37209,4.33997,4.37027,25861.800199999994
21.02.2022,RON,Day,4.37127,4.37847,4.35017,4.36417,44709.60020000001
22.02.2022,RON,Day,4.36317,4.37587,4.35307,4.37357,29460.8999
23.02.2022,RON,Day,4.40227,4.45557,4.39347,4.41907,81144.6202
24.02.2022,RON,Day,4.40837,4.42987,4.38507,4.38577,58196.6999
27.02.2022,RON,Day,4.42897,4.43266,4.39827,4.40857,57573.9003
28.02.2022,RON,Day,4.41607,4.46007,4.40258,4.44557,55732.2004
01.03.2022,RON,Day,4.45057,4.47427,4.43597,4.44597,68385.89980000001
02.03.2022,RON,Day,4.45547,4.48337,4.45182,4.46967,47856.6
03.03.2022,RON,Day,4.48387,4.54667,4.48305,4.52087,59394.3007
06.03.2022,RON,Day,4.54227,4.57887,4.52617,4.55727,88732.6209
07.03.2022,RON,Day,4.55577,4.55887,4.51457,4.53997,80680.80099999999
08.03.2022,RON,Day,4.52787,4.53487,4.45897,4.46397,54718.8003
09.03.2022,RON,Day,4.46997,4.50707,4.44683,4.50207,73415.93909999999
10.03.2022,RON,Day,4.49377,4.53727,4.47997,4.52657,56775.42009999999
13.03.2022,RON,Day,4.53287,4.53517,4.50007,4.52137,41877.60029999999
14.03.2022,RON,Day,4.50547,4.52707,4.48715,4.51407,49458.2398
15.03.2022,RON,Day,4.50759,4.51507,4.47217,4.47657,58942.9792
16.03.2022,RON,Day,4.47497,4.48577,4.44047,4.45787,38415.8101
17.03.2022,RON,Day,4.46257,4.49597,4.45737,4.47047,37602.3
20.03.2022,RON,Day,4.47907,4.49087,4.46777,4.48767,34122.2999
21.03.2022,RON,Day,4.49727,4.51137,4.47517,4.47857,34784.4002
22.03.2022,RON,Day,4.47837,4.51037,4.47587,4.49157,30374.399900000004
23.03.2022,RON,Day,4.50227,4.51177,4.49217,4.49817,35693.0999
24.03.2022,RON,Day,4.48587,4.50557,4.48397,4.49947,36043.8003
27.03.2022,RON,Day,4.51807,4.52032,4.49627,4.50207,41524.1999
28.03.2022,RON,Day,4.50317,4.50727,4.43547,4.45957,53946.4795
29.03.2022,RON,Day,4.45007,4.45397,4.42577,4.43157,40623.30009999999
30.03.2022,RON,Day,4.43217,4.46697,4.42547,4.46387,43439.8099
31.03.2022,RON,Day,4.46527,4.48237,4.46077,4.46937,37650.6002
03.04.2022,RON,Day,4.47147,4.50787,4.47067,4.50267,28905.6001
04.04.2022,RON,Day,4.50447,4.53337,4.49504,4.53077,32281.7997
05.04.2022,RON,Day,4.53497,4.54551,4.51757,4.53107,40859.620200000005
06.04.2022,RON,Day,4.51907,4.54757,4.51626,4.53937,36407.1004
07.04.2022,RON,Day,4.54717,4.55847,4.53577,4.53686,29044.199700000005
10.04.2022,RON,Day,4.53947,4.54377,4.51797,4.53697,30190.5001
11.04.2022,RON,Day,4.53997,4.56297,4.53127,4.55957,40125.3006
12.04.2022,RON,Day,4.55277,4.56837,4.53207,4.53237,41025.00009999999
13.04.2022,RON,Day,4.52031,4.59487,4.5201,4.55887,45470.70070000001
14.04.2022,RON,Day,4.56977,4.57387,4.56137,4.56297,20511.6
17.04.2022,RON,Day,4.57487,4.58437,4.5628,4.57877,17738.999999999996
18.04.2022,RON,Day,4.58307,4.58567,4.56797,4.57797,30625.8002
19.04.2022,RON,Day,4.56707,4.57227,4.54524,4.55167,36069.6
20.04.2022,RON,Day,4.55587,4.56357,4.51648,4.56147,39487.79979999999
21.04.2022,RON,Day,4.55767,4.58697,4.55427,4.57137,35807.999899999995
24.04.2022,RON,Day,4.58447,4.62217,4.58297,4.61477,48556.8797
25.04.2022,RON,Day,4.60967,4.64824,4.60547,4.64523,37159.04
26.04.2022,RON,Day,4.64027,4.70497,4.63987,4.68507,48363.599700000006
27.04.2022,RON,Day,4.71007,4.72367,4.68207,4.71137,53790.299900000005
28.04.2022,RON,Day,4.69677,4.70667,4.67077,4.68597,44526.5996
01.05.2022,RON,Day,4.70287,4.71407,4.68027,4.70567,32407.7602
02.05.2022,RON,Day,4.70467,4.71372,4.67607,4.69987,40920.5993
03.05.2022,RON,Day,4.70377,4.70777,4.64967,4.65137,56523.70079999999
04.05.2022,RON,Day,4.65727,4.71497,4.65457,4.69247,59221.1999
05.05.2022,RON,Day,4.69547,4.71917,4.66827,4.68117,61908.300500000005
08.05.2022,RON,Day,4.69928,4.71217,4.66867,4.68167,46757.10049999999
09.05.2022,RON,Day,4.67197,4.69807,4.67007,4.69547,44634.89990000001
10.05.2022,RON,Day,4.68827,4.70957,4.67647,4.70467,55783.81990000001
11.05.2022,RON,Day,4.70447,4.77657,4.70397,4.76357,56632.1999
12.05.2022,RON,Day,4.75457,4.77657,4.74257,4.74267,40443.6
15.05.2022,RON,Day,4.75167,4.76027,4.73547,4.73907,32130.3
16.05.2022,RON,Day,4.73534,4.73647,4.68589,4.68747,43084.1999
17.05.2022,RON,Day,4.69427,4.72777,4.69157,4.72597,33228.9003
18.05.2022,RON,Day,4.71207,4.72657,4.66277,4.67167,48901.4998
19.05.2022,RON,Day,4.67617,4.69557,4.66667,4.68097,34565.1003
22.05.2022,RON,Day,4.66987,4.66987,4.62177,4.62427,34822.8
23.05.2022,RON,Day,4.63497,4.63707,4.59717,4.60197,40862.4001
24.05.2022,RON,Day,4.61437,4.64157,4.61337,4.62417,37918.2003
25.05.2022,RON,Day,4.62337,4.63366,4.59866,4.60357,31678.8001
26.05.2022,RON,Day,4.59307,4.61957,4.59197,4.59854,28375.7999
29.05.2022,RON,Day,4.59217,4.60207,4.58234,4.58457,20866.500000000004
30.05.2022,RON,Day,4.59757,4.62507,4.59117,4.60177,39970.79999999999
31.05.2022,RON,Day,4.61337,4.64817,4.60277,4.63447,33557.240000000005
01.06.2022,RON,Day,4.63177,4.63617,4.5939,4.59607,26918.4002
02.06.2022,RON,Day,4.59407,4.61637,4.5906,4.60262,26732.4001
05.06.2022,RON,Day,4.59817,4.62487,4.59329,4.61857,23085.600100000003
06.06.2022,RON,Day,4.62777,4.63897,4.61247,4.61687,27772.5001
07.06.2022,RON,Day,4.62337,4.63297,4.59601,4.61127,30182.1
08.06.2022,RON,Day,4.60647,4.65647,4.58867,4.65467,47435.1004
09.06.2022,RON,Day,4.64527,4.70437,4.64277,4.69487,44896.8004
12.06.2022,RON,Day,4.70787,4.75007,4.70717,4.74457,48292.89030000001
13.06.2022,RON,Day,4.74037,4.75247,4.71357,4.74477,49491.700200000014
14.06.2022,RON,Day,4.73547,4.76687,4.70519,4.72767,84343.3507
15.06.2022,RON,Day,4.73037,4.7621,4.66447,4.68617,70752.3401
16.06.2022,RON,Day,4.69877,4.73207,4.69417,4.70316,51992.10010000001
19.06.2022,RON,Day,4.69567,4.70917,4.68666,4.70207,28263.299700000003
20.06.2022,RON,Day,4.69937,4.70237,4.67377,4.69357,37273.7995
21.06.2022,RON,Day,4.71017,4.72367,4.66287,4.67937,49724.1
22.06.2022,RON,Day,4.67907,4.71727,4.67517,4.7004,55521.87999999999
23.06.2022,RON,Day,4.69047,4.70377,4.67727,4.67937,40776.2999
26.06.2022,RON,Day,4.67487,4.68367,4.65697,4.66917,34552.2002
27.06.2022,RON,Day,4.66907,4.70607,4.66067,4.69737,42554.70029999999
28.06.2022,RON,Day,4.69407,4.73497,4.69045,4.73137,44129.3994
29.06.2022,RON,Day,4.72577,4.76337,4.71407,4.71593,52280.400700000006
30.06.2022,RON,Day,4.72477,4.77117,4.71857,4.73667,51689.6604
03.07.2022,RON,Day,4.7314,4.74487,4.7242,4.74187,26104.2002
04.07.2022,RON,Day,4.73337,4.82837,4.73047,4.81467,53509.8005
05.07.2022,RON,Day,4.82377,4.86337,4.80997,4.85277,54166.2007
06.07.2022,RON,Day,4.84077,4.87177,4.83437,4.86297,44389.20010000001
07.07.2022,RON,Day,4.86777,4.90697,4.84597,4.84667,48168.60050000001
10.07.2022,RON,Day,4.86077,4.92267,4.86077,4.91797,41712.2997
11.07.2022,RON,Day,4.93167,4.93992,4.90427,4.92257,49873.4894
12.07.2022,RON,Day,4.92387,4.94047,4.87827,4.90787,62517.691000000006
13.07.2022,RON,Day,4.92737,4.96407,4.91432,4.93037,66968.4399
14.07.2022,RON,Day,4.92817,4.93617,4.89047,4.89337,47888.69999999999
17.07.2022,RON,Day,4.89067,4.89797,4.83987,4.86737,46542.8402
18.07.2022,RON,Day,4.86497,4.86647,4.80877,4.82817,54730.7998
19.07.2022,RON,Day,4.81987,4.85987,4.80897,4.84837,54280.2004
20.07.2022,RON,Day,4.83197,4.86327,4.80142,4.82317,73458.8208
21.07.2022,RON,Day,4.84357,4.87167,4.80797,4.81877,58493.39939999999
24.07.2022,RON,Day,4.83107,4.84247,4.80587,4.82347,46422.00000000001
25.07.2022,RON,Day,4.82167,4.87767,4.81747,4.87247,42305.0998
26.07.2022,RON,Day,4.85607,4.88227,4.82237,4.82737,48076.79959999999
27.07.2022,RON,Day,4.81827,4.87757,4.81747,4.83597,56412.900000000016
28.07.2022,RON,Day,4.82877,4.86107,4.80967,4.81667,54897.599700000006
31.07.2022,RON,Day,4.81177,4.82587,4.79061,4.79477,47493.45980000001
01.08.2022,RON,Day,4.78547,4.84403,4.78477,4.84127,64283.120200000005
02.08.2022,RON,Day,4.83657,4.86387,4.82237,4.83997,49648.3404
03.08.2022,RON,Day,4.83867,4.84877,4.80397,4.80677,45891.9001
04.08.2022,RON,Day,4.81397,4.85593,4.80877,4.82909,48319.7998
07.08.2022,RON,Day,4.83307,4.84057,4.8037,4.80595,23935.1401
08.08.2022,RON,Day,4.80507,4.81187,4.78378,4.79687,32151.3
09.08.2022,RON,Day,4.79767,4.81446,4.72923,4.76097,52313.20970000001
10.08.2022,RON,Day,4.76597,4.77247,4.72637,4.74057,49174.68000000001
11.08.2022,RON,Day,4.74277,4.77347,4.73565,4.74752,38757.59999999999
14.08.2022,RON,Day,4.75167,4.80317,4.74207,4.79937,35748.3604
15.08.2022,RON,Day,4.80357,4.82387,4.78547,4.79607,38855.100300000006
16.08.2022,RON,Day,4.79227,4.81127,4.78017,4.78927,45547.8001
17.08.2022,RON,Day,4.79567,4.83977,4.78897,4.83237,43526.7804
18.08.2022,RON,Day,4.83897,4.86357,4.83297,4.84516,36035.1399
21.08.2022,RON,Day,4.86147,4.91867,4.85997,4.90277,38724.7401
22.08.2022,RON,Day,4.91867,4.93127,4.87327,4.88655,47269.7399
23.08.2022,RON,Day,4.90037,4.92097,4.86647,4.87037,45492.900100000006
24.08.2022,RON,Day,4.87197,4.89567,4.85605,4.87667,43846.51949999999
25.08.2022,RON,Day,4.88377,4.89657,4.82557,4.87227,54506.98989999999
28.08.2022,RON,Day,4.89672,4.90839,4.84641,4.85567,86078.31989999999
29.08.2022,RON,Day,4.85875,4.87317,4.83707,4.85507,66087.0007
30.08.2022,RON,Day,4.84367,4.87286,4.80547,4.81247,56101.82100000001
31.08.2022,RON,Day,4.82927,4.87127,4.81971,4.86187,56418.6799
01.09.2022,RON,Day,4.84807,4.85277,4.78507,4.82548,50714.9093
04.09.2022,RON,Day,4.86951,4.87927,4.84627,4.85317,35964.240300000005
05.09.2022,RON,Day,4.84337,4.90747,4.83217,4.88307,57567.170300000005
06.09.2022,RON,Day,4.88847,4.92037,4.84697,4.84947,55499.5197
07.09.2022,RON,Day,4.85557,4.91077,4.83716,4.87637,71514.1408
08.09.2022,RON,Day,4.84367,4.88211,4.82397,4.86282,52067.5601
11.09.2022,RON,Day,4.85187,4.86147,4.80337,4.84657,52481.58000000001
12.09.2022,RON,Day,4.84097,4.93437,4.82737,4.93257,83512.1999
13.09.2022,RON,Day,4.92127,4.94157,4.91377,4.93137,60371.6405
14.09.2022,RON,Day,4.94017,4.94627,4.91237,4.91847,45918.0805
15.09.2022,RON,Day,4.92537,4.95037,4.90147,4.90527,54268.0798
18.09.2022,RON,Day,4.92287,4.94037,4.91587,4.91657,41309.839900000006
19.09.2022,RON,Day,4.91687,4.95907,4.90207,4.95447,51722.68009999999
20.09.2022,RON,Day,4.95567,5.03405,4.95197,5.0205,84264.22069999999
21.09.2022,RON,Day,5.02117,5.03597,4.98637,5.02287,80993.93960000001
22.09.2022,RON,Day,5.02707,5.10717,5.02207,5.09158,78605.8587
25.09.2022,RON,Day,5.13357,5.14527,5.09227,5.13987,99174.0198
26.09.2022,RON,Day,5.12167,5.16687,5.10747,5.15467,78593.0404
27.09.2022,RON,Day,5.18387,5.18877,5.06977,5.07587,99426.0406
28.09.2022,RON,Day,5.10677,5.13447,5.03879,5.03977,92506.15980000002
29.09.2022,RON,Day,5.03817,5.08157,5.02147,5.04187,91101.7395
02.10.2022,RON,Day,5.04697,5.07217,5.02507,5.03447,79330.4992
03.10.2022,RON,Day,5.03087,5.03349,4.93727,4.94417,78590.35969999999
04.10.2022,RON,Day,4.94877,5.01717,4.94007,4.98857,68917.8007
05.10.2022,RON,Day,4.96897,5.04437,4.96457,5.04177,76940.12020000002
06.10.2022,RON,Day,5.03537,5.07967,5.03077,5.05733,73828.4002
09.10.2022,RON,Day,5.06475,5.10157,5.06447,5.08317,64044.9002
10.10.2022,RON,Day,5.09487,5.10024,5.05067,5.08337,78461.62040000001
11.10.2022,RON,Day,5.08457,5.10797,5.07037,5.08817,72273.98030000001
12.10.2022,RON,Day,5.08867,5.12057,5.03247,5.04617,91940.5797
13.10.2022,RON,Day,5.04517,5.08107,5.03089,5.06384,83259.11929999999
16.10.2022,RON,Day,5.05347,5.07777,5.00837,5.01297,76336.46
17.10.2022,RON,Day,5.00417,5.02897,4.98905,4.99947,69574.4009
18.10.2022,RON,Day,5.01317,5.04707,5.01062,5.02947,69572.4601
19.10.2022,RON,Day,5.02547,5.03877,4.99069,5.02277,76503.41930000001
20.10.2022,RON,Day,5.03127,5.05887,4.97039,4.9712,103267.99
23.10.2022,RON,Day,4.98807,5.00917,4.96127,4.97067,81976.12040000001
24.10.2022,RON,Day,4.96997,4.98197,4.90827,4.91257,62621.4005
25.10.2022,RON,Day,4.91617,4.91805,4.81477,4.81887,73349.28090000001
26.10.2022,RON,Day,4.83067,4.91427,4.82147,4.91077,74229.14030000001
27.10.2022,RON,Day,4.90117,4.95107,4.89717,4.92951,64708.29
30.10.2022,RON,Day,4.93688,4.97148,4.93688,4.96557,41731.9
31.10.2022,RON,Day,4.94757,4.97937,4.93267,4.96477,53350.7594
01.11.2022,RON,Day,4.95807,4.98919,4.91077,4.98418,66280.79990000001
02.11.2022,RON,Day,4.97697,5.03467,4.97487,5.02327,63929.6505
03.11.2022,RON,Day,5.00667,5.02247,4.89678,4.8968,74404.18990000001
06.11.2022,RON,Day,4.90687,4.92177,4.86977,4.87527,56375.10019999999
07.11.2022,RON,Day,4.88677,4.90257,4.84927,4.85668,50824.50010000001
08.11.2022,RON,Day,4.86357,4.89227,4.85497,4.87587,57981.0398
09.11.2022,RON,Day,4.88167,4.92387,4.77017,4.77557,80127.2686
10.11.2022,RON,Day,4.77173,4.77657,4.71125,4.71215,68284.8594
13.11.2022,RON,Day,4.74267,4.76937,4.72156,4.74277,58293.43989999999
14.11.2022,RON,Day,4.74107,4.78207,4.68447,4.74907,100860.9602
15.11.2022,RON,Day,4.73837,4.74987,4.71037,4.73107,67914.2003
16.11.2022,RON,Day,4.73547,4.77877,4.72487,4.75277,63940.80000000001
17.11.2022,RON,Day,4.75137,4.78507,4.72711,4.77335,53351.93959999999
20.11.2022,RON,Day,4.80437,4.83147,4.80357,4.81957,48506.69000000001
21.11.2022,RON,Day,4.81527,4.81837,4.76301,4.78357,43392.70020000001
22.11.2022,RON,Day,4.77657,4.79657,4.73847,4.74107,57665.730500000005
23.11.2022,RON,Day,4.72297,4.74187,4.71727,4.72257,37691.70019999999
24.11.2022,RON,Day,4.70353,4.75487,4.69939,4.72068,47309.68
27.11.2022,RON,Day,4.74267,4.75187,4.69047,4.73564,50505.4103
28.11.2022,RON,Day,4.73787,4.76177,4.72837,4.75637,57780.09999999999
29.11.2022,RON,Day,4.74977,4.79697,4.72176,4.73019,50718.60099999999
30.11.2022,RON,Day,4.70557,4.73797,4.67442,4.68027,66444.7602
01.12.2022,RON,Day,4.67667,4.72577,4.65987,4.67407,62555.47989999999
04.12.2022,RON,Day,4.64987,4.68857,4.63897,4.68217,50881.3198
05.12.2022,RON,Day,4.68527,4.69507,4.66089,4.68937,46823.10040000001
06.12.2022,RON,Day,4.69827,4.70197,4.65677,4.67457,54255.03999999999
07.12.2022,RON,Day,4.67427,4.68637,4.65017,4.65327,45095.8396
08.12.2022,RON,Day,4.64287,4.68347,4.63937,4.66655,56925.9599
11.12.2022,RON,Day,4.68027,4.68717,4.65757,4.67477,41788.7994
12.12.2022,RON,Day,4.66747,4.68354,4.61779,4.62927,71934.2997
13.12.2022,RON,Day,4.62367,4.64035,4.60044,4.60627,60227.100900000005
14.12.2022,RON,Day,4.61607,4.64388,4.58067,4.62657,66632.4001
15.12.2022,RON,Day,4.61355,4.63904,4.60817,4.63769,51482.69990000001
18.12.2022,RON,Day,4.62167,4.6403,4.60806,4.62447,39795.2999
19.12.2022,RON,Day,4.62697,4.63798,4.60397,4.61517,54696.5998
20.12.2022,RON,Day,4.60907,4.62246,4.59313,4.60947,43168.50019999999
21.12.2022,RON,Day,4.59127,4.62927,4.58924,4.61597,46203.6
22.12.2022,RON,Day,4.61037,4.62997,4.60323,4.61997,41543.99970000001
25.12.2022,RON,Day,4.60597,4.60767,4.60001,4.60767,123.0
26.12.2022,RON,Day,4.60687,4.64004,4.5928,4.62757,34525.800200000005
27.12.2022,RON,Day,4.62267,4.6575,4.62267,4.65487,27760.4998
28.12.2022,RON,Day,4.64557,4.65565,4.63108,4.63947,38683.80040000001
29.12.2022,RON,Day,4.64711,4.65037,4.60442,4.60958,49297.50019999999
01.01.2023,RON,Day,4.61707,4.63077,4.59685,4.59748,13869.6
02.01.2023,RON,Day,4.61266,4.68773,4.61185,4.67467,58420.33020000001
03.01.2023,RON,Day,4.65937,4.66542,4.63187,4.64327,53548.1993
04.01.2023,RON,Day,4.63982,4.68387,4.63212,4.67927,56084.3999
05.01.2023,RON,Day,4.68208,4.70133,4.6245,4.62665,61155.90009999999
08.01.2023,RON,Day,4.61027,4.61838,4.57249,4.58907,47456.9996
09.01.2023,RON,Day,4.58794,4.60454,4.57929,4.59465,44036.0998
10.01.2023,RON,Day,4.58198,4.59737,4.57055,4.58724,39285.900100000006
11.01.2023,RON,Day,4.58489,4.60605,4.54537,4.55127,72564.9006
12.01.2023,RON,Day,4.55687,4.58447,4.54819,4.56178,50733.90039999999
15.01.2023,RON,Day,4.55523,4.57696,4.54867,4.55257,26442.9
16.01.2023,RON,Day,4.54967,4.57667,4.53867,4.56967,50899.4999
17.01.2023,RON,Day,4.57137,4.57461,4.53504,4.56987,56634.299900000005
18.01.2023,RON,Day,4.56904,4.5768,4.53938,4.54057,44955.0002
19.01.2023,RON,Day,4.54182,4.559,4.51279,4.53073,32324.4002
22.01.2023,RON,Day,4.51307,4.53454,4.50083,4.51717,36200.7001
23.01.2023,RON,Day,4.51337,4.53607,4.50757,4.50817,33462.900200000004
24.01.2023,RON,Day,4.50067,4.51912,4.47557,4.48357,35245.8001
25.01.2023,RON,Day,4.48317,4.49127,4.46487,4.47247,35622.8998
26.01.2023,RON,Day,4.48118,4.5192,4.47737,4.50289,32926.7997
29.01.2023,RON,Day,4.49962,4.53107,4.49214,4.52517,30077.100100000003
30.01.2023,RON,Day,4.53132,4.55157,4.52045,4.52447,40951.799900000005
31.01.2023,RON,Day,4.52039,4.52657,4.45431,4.46017,42241.5002
01.02.2023,RON,Day,4.45067,4.50127,4.43576,4.49057,56049.29979999999
02.02.2023,RON,Day,4.49657,4.53125,4.47667,4.52695,55968.3
05.02.2023,RON,Day,4.54007,4.56969,4.51557,4.56147,36174.03
06.02.2023,RON,Day,4.55267,4.59629,4.54693,4.55817,52704.0002
07.02.2023,RON,Day,4.55577,4.57,4.54765,4.56667,36872.1002
08.02.2023,RON,Day,4.55107,4.56441,4.53235,4.54987,34040.6999
09.02.2023,RON,Day,4.55829,4.59397,4.54925,4.58276,42053.3998
12.02.2023,RON,Day,4.58384,4.59653,4.56417,4.56537,27494.0998
13.02.2023,RON,Day,4.56077,4.57764,4.53397,4.55927,59688.9009
14.02.2023,RON,Day,4.56987,4.59506,4.56345,4.58137,44966.6997
15.02.2023,RON,Day,4.57467,4.59907,4.56588,4.58737,57318.0003
16.02.2023,RON,Day,4.59827,4.63048,4.58381,4.58749,40971.600300000006
19.02.2023,RON,Day,4.58829,4.60825,4.5859,4.59777,19706.4
20.02.2023,RON,Day,4.60457,4.62446,4.59712,4.61824,49084.19930000001
21.02.2023,RON,Day,4.6158,4.63562,4.60967,4.63249,40363.2003
22.02.2023,RON,Day,4.62306,4.64545,4.61577,4.63177,42320.6999
23.02.2023,RON,Day,4.63107,4.66789,4.63107,4.66379,41756.40020000001
26.02.2023,RON,Day,4.66482,4.66728,4.63168,4.63687,29312.999900000003
27.02.2023,RON,Day,4.64581,4.65567,4.6225,4.65367,35917.2001
28.02.2023,RON,Day,4.64317,4.64317,4.59812,4.60772,42376.500100000005
01.03.2023,RON,Day,4.62204,4.65267,4.61957,4.64312,36323.1
02.03.2023,RON,Day,4.63495,4.65059,4.62372,4.62458,35776.8
05.03.2023,RON,Day,4.62227,4.62986,4.60006,4.60197,26451.899900000004
06.03.2023,RON,Day,4.60177,4.66175,4.59969,4.65917,35046.9
07.03.2023,RON,Day,4.66687,4.66976,4.63591,4.65142,31933.8
08.03.2023,RON,Day,4.64706,4.65689,4.63414,4.63937,31626.899900000004
09.03.2023,RON,Day,4.63577,4.64632,4.59249,4.617,55665.9002
12.03.2023,RON,Day,4.58127,4.61599,4.57507,4.58157,75248.99970000001
13.03.2023,RON,Day,4.59677,4.60863,4.57674,4.58087,61900.1994
14.03.2023,RON,Day,4.57667,4.67611,4.576,4.64597,80883.0002
15.03.2023,RON,Day,4.62957,4.66317,4.62368,4.63297,64136.6998
16.03.2023,RON,Day,4.61367,4.63595,4.60544,4.61291,35772.599899999994
19.03.2023,RON,Day,4.6078,4.63039,4.58666,4.58751,38084.7
20.03.2023,RON,Day,4.59266,4.59693,4.56188,4.56995,25252.8
21.03.2023,RON,Day,4.56836,4.57346,4.50595,4.52817,36377.3997
22.03.2023,RON,Day,4.50529,4.54879,4.49708,4.54462,39636.30039999999
23.03.2023,RON,Day,4.54315,4.59717,4.54259,4.57668,50700.00010000001
26.03.2023,RON,Day,4.56474,4.59217,4.56441,4.57165,29655.5999
27.03.2023,RON,Day,4.56907,4.57675,4.55986,4.55986,25705.2
28.03.2023,RON,Day,4.56675,4.58312,4.55138,4.56479,25138.499900000003
29.03.2023,RON,Day,4.56387,4.57286,4.52829,4.53598,28530.0
30.03.2023,RON,Day,4.52331,4.56425,4.52249,4.55938,30689.9998
02.04.2023,RON,Day,4.58038,4.58287,4.52136,4.52686,26749.2001
03.04.2023,RON,Day,4.53157,4.53556,4.49312,4.49649,28077.599699999995
04.04.2023,RON,Day,4.49269,4.5249,4.49143,4.51753,22155.900000000005
05.04.2023,RON,Day,4.5248,4.53483,4.51159,4.51594,19120.7999
06.04.2023,RON,Day,4.52003,4.53824,4.50767,4.51807,9295.499999999998
09.04.2023,RON,Day,4.52696,4.54994,4.50711,4.53666,14601.3
10.04.2023,RON,Day,4.52632,4.53178,4.51513,4.51887,21120.6
11.04.2023,RON,Day,4.5118,4.52127,4.48743,4.48829,32133.2999
12.04.2023,RON,Day,4.49261,4.49816,4.45932,4.46456,26082.3
13.04.2023,RON,Day,4.45543,4.50298,4.45286,4.49158,20260.8001
16.04.2023,RON,Day,4.49523,4.52606,4.49116,4.51481,15996.0001
17.04.2023,RON,Day,4.50957,4.51261,4.49018,4.49584,21206.400100000003
18.04.2023,RON,Day,4.49931,4.516,4.4896,4.49514,25993.800000000003
19.04.2023,RON,Day,4.49748,4.50922,4.48719,4.48998,24941.6998
20.04.2023,RON,Day,4.49587,4.51301,4.48216,4.48401,26585.7001
23.04.2023,RON,Day,4.48944,4.49648,4.46163,4.46163,23384.1002
24.04.2023,RON,Day,4.46496,4.5012,4.46108,4.49621,26844.300299999995
25.04.2023,RON,Day,4.49255,4.4934,4.45088,4.47307,34146.6004
26.04.2023,RON,Day,4.46683,4.49337,4.46385,4.47251,31854.300099999997
27.04.2023,RON,Day,4.47916,4.49649,4.46119,4.47066,40518.6001
30.04.2023,RON,Day,4.47631,4.48752,4.46247,4.48218,12987.6
01.05.2023,RON,Day,4.4759,4.5043,4.4753,4.48217,30509.699900000003
02.05.2023,RON,Day,4.4689,4.47459,4.44199,4.44804,37548.00029999999
03.05.2023,RON,Day,4.44441,4.48522,4.44238,4.46915,46916.7001
04.05.2023,RON,Day,4.46008,4.49206,4.45921,4.46637,31507.19980000001
07.05.2023,RON,Day,4.45573,4.47187,4.45012,4.46536,19299.900000000005
08.05.2023,RON,Day,4.47195,4.49498,4.47101,4.48644,22464.0002
09.05.2023,RON,Day,4.48249,4.49814,4.47252,4.48148,30261.0
10.05.2023,RON,Day,4.48391,4.52461,4.48225,4.51302,32055.900100000003
11.05.2023,RON,Day,4.50562,4.5428,4.50436,4.539,24726.0
14.05.2023,RON,Day,4.51815,4.5472,4.51731,4.53986,20011.8
15.05.2023,RON,Day,4.53772,4.55856,4.53514,4.55184,25707.0001
16.05.2023,RON,Day,4.55556,4.58775,4.55444,4.5683,25404.000000000004
17.05.2023,RON,Day,4.57845,4.6182,4.57607,4.6146,21148.5001
18.05.2023,RON,Day,4.61755,4.62123,4.59691,4.60504,28520.7001
21.05.2023,RON,Day,4.60273,4.61036,4.5911,4.59592,25642.8001
22.05.2023,RON,Day,4.6008,4.61851,4.59532,4.61302,27252.3002
23.05.2023,RON,Day,4.60722,4.61591,4.59238,4.6151,28863.000000000004
24.05.2023,RON,Day,4.62154,4.6311,4.60785,4.61446,25715.099999999995
25.05.2023,RON,Day,4.60964,4.63282,4.60689,4.61852,27312.8997
28.05.2023,RON,Day,4.61597,4.63204,4.61449,4.63055,9948.6
29.05.2023,RON,Day,4.63777,4.64889,4.61742,4.62641,28064.099900000005
30.05.2023,RON,Day,4.643,4.66845,4.64071,4.64213,33508.1998
31.05.2023,RON,Day,4.64432,4.65618,4.60828,4.61238,26855.399999999998
01.06.2023,RON,Day,4.60967,4.63655,4.60339,4.63401,25740.3001
04.06.2023,RON,Day,4.63544,4.64918,4.62487,4.62487,18747.0001
05.06.2023,RON,Day,4.62204,4.64868,4.61203,4.63559,24397.5001
06.06.2023,RON,Day,4.64063,4.64618,4.61715,4.6328,24540.900200000004
07.06.2023,RON,Day,4.62639,4.6345,4.59051,4.59061,24786.2999
08.06.2023,RON,Day,4.59459,4.61137,4.5918,4.60794,21187.200200000003
11.06.2023,RON,Day,4.60746,4.61296,4.5927,4.60608,21456.900100000006
12.06.2023,RON,Day,4.59112,4.60406,4.58038,4.59421,31575.5997
13.06.2023,RON,Day,4.60065,4.60387,4.55878,4.57096,28866.6
14.06.2023,RON,Day,4.5774,4.58413,4.528,4.52985,32874.5997
15.06.2023,RON,Day,4.5326,4.5415,4.50772,4.52527,27840.5997
18.06.2023,RON,Day,4.52946,4.54633,4.52772,4.5392,15784.2
19.06.2023,RON,Day,4.54287,4.55565,4.53193,4.5447,26132.7001
20.06.2023,RON,Day,4.54586,4.54894,4.51346,4.51466,26857.4999
21.06.2023,RON,Day,4.51421,4.53325,4.5056,4.52639,28880.400100000003
22.06.2023,RON,Day,4.53749,4.56943,4.53562,4.54124,30179.0999
25.06.2023,RON,Day,4.53626,4.54933,4.52544,4.54144,20532.6002
26.06.2023,RON,Day,4.53351,4.54145,4.5191,4.52095,24319.199900000003
27.06.2023,RON,Day,4.52575,4.55416,4.52157,4.54522,25566.899900000004
28.06.2023,RON,Day,4.55695,4.57152,4.53543,4.56611,29816.999899999995
29.06.2023,RON,Day,4.56362,4.57985,4.53572,4.53803,30977.3997
02.07.2023,RON,Day,4.53569,4.55776,4.52858,4.5327,25987.500000000004
03.07.2023,RON,Day,4.5376,4.55072,4.53457,4.54748,15770.499999999996
04.07.2023,RON,Day,4.55117,4.56134,4.53659,4.55779,27529.49999999999
05.07.2023,RON,Day,4.55768,4.57184,4.53984,4.54352,39446.09999999997
06.07.2023,RON,Day,4.54211,4.55772,4.50265,4.50424,35917.79999999999
